User id,round,bucket,location,percent duration,orientation,FPOGD,Acc
1,1,0,AI,0.16544449871779215,top,,1
1,1,0,Task,0.40494718524850404,top,,1
1,1,0,User,0.4296083160337037,top,,1
1,1,1,Task,0.24202843639699287,top,,1
1,1,1,User,0.20959379424491995,top,,1
1,3,0,AI,0.2690434321551993,top,,1
1,3,0,Task,0.39851006389250127,top,,1
1,3,0,User,0.30199050318678167,top,,1
1,3,1,AI,0.5408054495569081,top,,1
1,3,1,Task,0.13250496704405687,top,,1
1,3,1,User,0.1939512441262733,top,,1
1,5,0,AI,0.22611930888534748,top,,1
1,5,0,Task,0.3734392114742169,top,,1
1,5,0,User,0.40044147964043564,top,,1
1,5,1,AI,0.1258336087725779,top,,1
1,5,1,Task,0.5660062605720063,top,,1
1,5,1,User,0.3081601306554158,top,,1
1,7,0,AI,0.2782564751832244,top,,1
1,7,0,Task,0.2152874939686815,top,,1
1,7,0,User,0.20651100152815802,top,,1
1,7,1,Task,0.5436847486815197,top,,1
1,7,1,User,0.4563152513184803,top,,1
1,9,0,AI,0.3007210505953922,top,,1
1,9,0,Task,0.4135424694840543,top,,1
1,9,0,User,0.28573647992055345,top,,1
1,9,1,AI,0.8479705194071603,top,,1
1,9,1,Task,0.15202948059283966,top,,1
1,10,0,AI,0.2287844074411059,bottom,2.08704,1
1,10,0,Task,0.3298926805739781,bottom,3.0093799999999997,1
1,10,0,User,0.44132291198491613,bottom,4.02588,1
1,10,1,AI,0.3165437237286739,bottom,0.6145,1
1,10,1,Task,0.4001122970411275,bottom,0.77673,1
1,10,1,User,0.13343258056540014,bottom,0.25903,1
1,2,0,AI,0.07760925254318288,bottom,3.86668,1
1,2,0,Task,0.44545576980318696,bottom,22.19368,1
1,2,0,User,0.4678477014660672,bottom,23.3093,1
1,2,1,AI,0.03364164635712001,bottom,0.46904999999999997,1
1,2,1,Task,0.4419775736702208,bottom,6.16229,1
1,2,1,User,0.4721736498514618,bottom,6.5833,1
1,4,0,AI,0.18184902633071545,bottom,1.77942,1
1,4,0,Task,0.34211534825730827,bottom,3.3476500000000002,1
1,4,0,User,0.42314118843349363,bottom,4.1405,1
1,4,1,Task,0.6090716272724366,bottom,1.7143599999999999,1
1,4,1,User,0.3909283727275634,bottom,1.10035,1
1,6,0,AI,0.15207867816544562,bottom,1.29382,1
1,6,0,Task,0.454472898841855,bottom,3.86646,1
1,6,0,User,0.3934484229926995,bottom,3.34729,1
1,6,1,AI,0.09297383744046936,bottom,0.21045,1
1,6,1,Task,0.46421534410701826,bottom,1.05077,1
1,6,1,User,0.44281081845251247,bottom,1.00232,1
1,8,0,AI,0.06891527391054486,bottom,0.7279100000000001,1
1,8,0,Task,0.5114704153132008,bottom,5.40235,1
1,8,0,User,0.4196143107762542,bottom,4.43213,1
1,8,1,AI,0.060693958917169846,bottom,0.21008,1
1,8,1,Task,0.4718400600930286,bottom,1.6331799999999999,1
1,8,1,User,0.4674659809898015,bottom,1.6180400000000001,1
2,10,0,Task,0.6502285286301144,top,,0
2,10,0,User,0.3025148416619203,top,,0
2,10,1,Task,0.22580553170320566,top,,0
2,10,1,User,0.3177861780297149,top,,0
2,2,0,AI,0.18169500011232817,top,,0
2,2,0,Task,0.32806760230689985,top,,0
2,2,0,User,0.3188772317201937,top,,0
2,2,1,AI,0.05015067882974679,top,,0
2,2,1,Task,0.3852972704860391,top,,0
2,2,1,User,0.34566392502443327,top,,0
2,4,0,Task,0.2297262946225066,top,,0
2,4,0,User,0.012250257629843312,top,,0
2,4,1,AI,0.11783736792051018,top,,0
2,4,1,Task,0.21227821439615388,top,,0
2,4,1,User,0.10142041973709545,top,,0
2,6,0,Task,0.5010948102739639,top,,0
2,6,0,User,0.3920860153145275,top,,0
2,6,1,AI,0.06359804417467543,top,,0
2,6,1,Task,0.41808295397066264,top,,0
2,6,1,User,0.2000562018771427,top,,0
2,8,0,Task,0.4665295717927297,top,,0
2,8,0,User,0.3948817913730195,top,,0
2,8,1,Task,0.2575766803622377,top,,0
2,8,1,User,0.5454647670894022,top,,0
2,1,0,AI,0.03969312784248248,bottom,1.01843,0
2,1,0,Task,0.32404017680538194,bottom,8.31409,0
2,1,0,User,0.40295990387249936,bottom,10.33898,0
2,1,1,AI,0.049354667355787175,bottom,0.55004,0
2,1,1,Task,0.4151493453355155,bottom,4.62669,0
2,1,1,User,0.4788786358285238,bottom,5.33693,0
2,3,0,AI,0.04165191303620058,bottom,0.25879,0
2,3,0,Task,0.2890880003090215,bottom,1.79615,0
2,3,0,User,0.2892071023440568,bottom,1.7968899999999999,0
2,3,1,AI,0.09231215577349303,bottom,0.19409,0
2,3,1,Task,0.22317768032950625,bottom,0.46924,0
2,3,1,User,0.2691601586652335,bottom,0.56592,0
2,5,0,AI,0.020807040166812993,bottom,0.24268,0
2,5,0,Task,0.5436546586918349,bottom,6.34084,0
2,5,0,User,0.3536090800592625,bottom,4.12427,0
2,5,1,AI,0.30401501967667854,bottom,1.61767,0
2,5,1,Task,0.26143671702042093,bottom,1.39111,0
2,5,1,User,0.36159608496115403,bottom,1.9240599999999999,0
2,7,0,Task,0.48659396416349066,bottom,5.02908,0
2,7,0,User,0.4037988364116274,bottom,4.17337,0
2,7,1,AI,0.06067079966718236,bottom,0.2749,0
2,7,1,Task,0.4749713640005208,bottom,2.1521,0
2,7,1,User,0.46435783633229677,bottom,2.10401,0
2,9,0,Task,0.5194981897008971,bottom,6.08229,0
2,9,0,User,0.3769282738911224,bottom,4.41308,0
2,9,1,Task,0.1330372909114766,bottom,0.84155,0
2,9,1,User,0.26599711967269873,bottom,1.6826100000000002,0
4,1,0,AI,0.1486941145173153,top,,1
4,1,0,Task,0.4556339295494734,top,,1
4,1,0,User,0.3007331424189788,top,,1
4,1,1,AI,0.2935404203035388,top,,1
4,1,1,Task,0.21994400900473737,top,,1
4,1,1,User,0.3868986018743377,top,,1
4,3,0,AI,0.08204075202465094,top,,1
4,3,0,Task,0.5096513034399707,top,,1
4,3,0,User,0.40830794453537833,top,,1
4,3,1,AI,0.5192778134863152,top,,1
4,3,1,Task,0.2714243229501434,top,,1
4,3,1,User,0.2092978635635415,top,,1
4,5,0,AI,0.17326896889984575,top,,1
4,5,0,Task,0.3904718265774342,top,,1
4,5,0,User,0.43625920452272005,top,,1
4,5,1,AI,0.2657078661937294,top,,1
4,5,1,Task,0.30993966628269026,top,,1
4,5,1,User,0.4243524675235803,top,,1
4,7,0,AI,0.17639455088409195,top,,1
4,7,0,Task,0.4637587362778444,top,,1
4,7,0,User,0.3598467128380636,top,,1
4,7,1,AI,0.3206635345041975,top,,1
4,7,1,Task,0.4238602222087795,top,,1
4,7,1,User,0.25547624328702306,top,,1
4,9,0,AI,0.14556126580536577,top,,1
4,9,0,Task,0.4005716130602999,top,,1
4,9,0,User,0.4538671211343344,top,,1
4,9,1,AI,0.3108336117607752,top,,1
4,9,1,Task,0.1757559305045105,top,,1
4,9,1,User,0.5134104577347143,top,,1
4,10,0,AI,0.2289701591201982,bottom,1.71454,1
4,10,0,Task,0.41481427073804256,bottom,3.10615,1
4,10,0,User,0.3562155701417592,bottom,2.66736,1
4,10,1,Task,0.3998727870242764,bottom,0.22632,1
4,10,1,User,0.6001272129757235,bottom,0.33966,1
4,2,0,AI,0.22769208983691996,bottom,2.637,1
4,2,0,Task,0.34073771546346177,bottom,3.94623,1
4,2,0,User,0.4315701946996183,bottom,4.9982,1
4,2,1,AI,0.12502400479627537,bottom,0.5338499999999999,1
4,2,1,Task,0.5150820378549782,bottom,2.19939,1
4,2,1,User,0.3598939573487463,bottom,1.53674,1
4,4,0,AI,0.05464781792755649,bottom,0.22626,1
4,4,0,Task,0.4531860986926163,bottom,1.8763400000000001,1
4,4,0,User,0.49216608337982715,bottom,2.03773,1
4,4,1,User,1.0,bottom,0.27472,1
4,6,0,AI,0.05962996999143423,bottom,0.42047,1
4,6,0,Task,0.4541291559594516,bottom,3.20221,1
4,6,0,User,0.48624087404911426,bottom,3.42864,1
4,6,1,AI,0.4235035678695345,bottom,0.58222,1
4,6,1,Task,0.21168631843872066,bottom,0.29102,1
4,6,1,User,0.3648101136917448,bottom,0.50153,1
4,8,0,AI,0.25519980722875035,bottom,2.97601,1
4,8,0,Task,0.3703043093121033,bottom,4.3183,1
4,8,0,User,0.35508841494525994,bottom,4.14086,1
4,8,1,AI,0.05191462018834963,bottom,0.12927,1
4,8,1,Task,0.3895383626834803,bottom,0.96997,1
4,8,1,User,0.5585470171281701,bottom,1.39081,1
5,10,0,AI,0.08244462831200652,top,,0
5,10,0,Task,0.5361157396724295,top,,0
5,10,0,User,0.37113724070317866,top,,0
5,10,1,Task,0.19847551292637997,top,,0
5,10,1,User,0.6233924072074362,top,,0
5,2,0,AI,0.19326831754729343,top,,0
5,2,0,Task,0.3510364628651414,top,,0
5,2,0,User,0.45569521958756526,top,,0
5,2,1,AI,0.2113254197300321,top,,0
5,2,1,Task,0.2746342461400508,top,,0
5,2,1,User,0.3803230735077112,top,,0
5,4,0,AI,0.26946324395744536,top,,0
5,4,0,Task,0.3404145305390041,top,,0
5,4,0,User,0.3636712000089924,top,,0
5,4,1,AI,0.06662361794719433,top,,0
5,4,1,Task,0.4610586550251938,top,,0
5,4,1,User,0.4723177270276118,top,,0
5,6,0,AI,0.11988785087275305,top,,0
5,6,0,Task,0.5175038684579676,top,,0
5,6,0,User,0.3626082806692794,top,,0
5,6,1,Task,0.3180125620020515,top,,0
5,6,1,User,0.6819874379979485,top,,0
5,8,0,AI,0.10250659463387635,top,,0
5,8,0,Task,0.37355414500730233,top,,0
5,8,0,User,0.4954566387858832,top,,0
5,8,1,AI,0.2937162931172744,top,,0
5,8,1,Task,0.2936815113823228,top,,0
5,8,1,User,0.4126021955004029,top,,0
5,1,0,AI,0.1911261919987422,bottom,4.15744,0
5,1,0,Task,0.25270764097455306,bottom,5.49698,0
5,1,0,User,0.47212045790037205,bottom,10.26972,0
5,1,1,AI,0.20144452657125733,bottom,1.73062,0
5,1,1,Task,0.3260311603354654,bottom,2.80095,0
5,1,1,User,0.47252431309327736,bottom,4.05948,0
5,3,0,AI,0.27454799313714495,bottom,3.57484,0
5,3,0,Task,0.28945335240023284,bottom,3.76892,0
5,3,0,User,0.43599865446262215,bottom,5.67706,0
5,3,1,Task,0.33633202256227085,bottom,1.21282,0
5,3,1,User,0.5829141269321856,bottom,2.102,0
5,5,0,AI,0.24214114293037947,bottom,2.47499,0
5,5,0,Task,0.37500232358601227,bottom,3.833,0
5,5,0,User,0.38285653348360815,bottom,3.91328,0
5,5,1,AI,0.05339133593936149,bottom,0.22632,0
5,5,1,Task,0.46946016527911794,bottom,1.9899900000000001,0
5,5,1,User,0.4199141756450392,bottom,1.77997,0
5,7,0,AI,0.17715125843704874,bottom,4.33532,0
5,7,0,Task,0.3608523390821178,bottom,8.83093,0
5,7,0,User,0.4474637162977752,bottom,10.950520000000001,0
5,7,1,AI,0.4113019022777694,bottom,2.70118,0
5,7,1,Task,0.3694633636802444,bottom,2.42641,0
5,7,1,User,0.21923473404198623,bottom,1.4398,0
5,9,0,Task,0.4789806700180237,bottom,2.3944099999999997,0
5,9,0,User,0.5210193299819763,bottom,2.60456,0
5,9,1,AI,0.15004894132193086,bottom,0.29126,0
5,9,1,Task,0.31644943588686825,bottom,0.61426,0
5,9,1,User,0.29170058214414507,bottom,0.5662200000000001,0
6,1,0,AI,0.10317616296398492,top,,2
6,1,0,Task,0.4904642224498481,top,,2
6,1,0,User,0.4063596145861669,top,,2
6,1,1,AI,0.13661809628407673,top,,2
6,1,1,Task,0.30211607980542204,top,,2
6,1,1,User,0.4245098867481558,top,,2
6,3,0,AI,0.07056104432239815,top,,2
6,3,0,Task,0.35284253196061865,top,,2
6,3,0,User,0.42525818761250506,top,,2
6,3,1,AI,0.04828168141014158,top,,2
6,3,1,Task,0.3173444115547897,top,,2
6,3,1,User,0.3551364731105746,top,,2
6,5,0,AI,0.09120925531456876,top,,2
6,5,0,Task,0.3234193655525327,top,,2
6,5,0,User,0.45432002837443597,top,,2
6,5,1,AI,0.07697441715124179,top,,2
6,5,1,Task,0.20882187109396227,top,,2
6,5,1,User,0.16201225476876258,top,,2
6,7,0,AI,0.03720719348519894,top,,2
6,7,0,Task,0.5528601436004973,top,,2
6,7,0,User,0.4099326629143037,top,,2
6,7,1,AI,0.4167342995169082,top,,2
6,7,1,Task,0.27047987117552336,top,,2
6,7,1,User,0.31278582930756843,top,,2
6,9,0,Task,0.4380968876338475,top,,2
6,9,0,User,0.5016596655236826,top,,2
6,9,1,AI,0.08576446930849127,top,,2
6,9,1,Task,0.4858938157555281,top,,2
6,9,1,User,0.42834171493598056,top,,2
6,10,0,AI,0.2892158874961667,bottom,1.1977499999999999,2
6,10,0,Task,0.30852350792129174,bottom,1.27771,2
6,10,0,User,0.19911043929907252,bottom,0.8245899999999999,2
6,10,1,AI,0.3818898965040623,bottom,0.33984,2
6,10,1,Task,0.3091955185472362,bottom,0.27515,2
6,2,0,AI,0.08564797655229829,bottom,1.0514000000000001,2
6,2,0,Task,0.41377161462809436,bottom,5.07939,2
6,2,0,User,0.41627490768444986,bottom,5.11012,2
6,2,1,AI,0.1324609984399376,bottom,0.67926,2
6,2,1,Task,0.35959438377535097,bottom,1.8439999999999999,2
6,2,1,User,0.46692862714508576,bottom,2.39441,2
6,4,0,AI,0.12955592209368566,bottom,0.69592,2
6,4,0,Task,0.3313568819602426,bottom,1.7799099999999999,2
6,4,0,User,0.5390871959460718,bottom,2.89575,2
6,4,1,AI,0.3423044274382133,bottom,1.05248,2
6,4,1,Task,0.3631488052454069,bottom,1.11657,2
6,4,1,User,0.20521743655457947,bottom,0.63098,2
6,6,0,AI,0.0630450101294812,bottom,0.37219,2
6,6,0,Task,0.3561088563510831,bottom,2.10231,2
6,6,0,User,0.5808461335194358,bottom,3.42906,2
6,6,1,AI,0.0638611305665986,bottom,0.19421,2
6,6,1,Task,0.4467549890994466,bottom,1.3586399999999998,2
6,6,1,User,0.3723780305347026,bottom,1.13245,2
6,8,0,AI,0.05000472525929309,bottom,0.56616,2
6,8,0,Task,0.31148026033970644,bottom,3.52662,2
6,8,0,User,0.5299453371406264,bottom,6.00011,2
6,8,1,AI,0.20828040784098323,bottom,0.24268,2
6,8,1,Task,0.18072196093240414,bottom,0.21057,2
6,8,1,User,0.43037866044148443,bottom,0.50146,2
8,10,0,Task,0.518803612125932,top,,0
8,10,0,User,0.48119638787406804,top,,0
8,10,1,AI,0.4516156354550459,top,,0
8,10,1,Task,0.041358573667047815,top,,0
8,10,1,User,0.5070257908779062,top,,0
8,2,0,AI,0.09567886163235155,top,,0
8,2,0,Task,0.43902188153570754,top,,0
8,2,0,User,0.46529925683194095,top,,0
8,2,1,AI,0.28310393282621593,top,,0
8,2,1,Task,0.49411220404135364,top,,0
8,2,1,User,0.2227838631324305,top,,0
8,4,0,AI,0.02872659264453745,top,,0
8,4,0,Task,0.44690908371613125,top,,0
8,4,0,User,0.5243643236393313,top,,0
8,4,1,AI,0.16853414380140697,top,,0
8,4,1,Task,0.3435017321629721,top,,0
8,4,1,User,0.48796412403562095,top,,0
8,6,0,Task,0.6301469474322072,top,,0
8,6,0,User,0.3698530525677928,top,,0
8,6,1,AI,0.16574966670085123,top,,0
8,6,1,Task,0.27391036816736747,top,,0
8,6,1,User,0.5603399651317814,top,,0
8,8,0,Task,0.5667652166197683,top,,0
8,8,0,User,0.43323478338023175,top,,0
8,8,1,AI,0.3588863296689356,top,,0
8,8,1,Task,0.38482519118165925,top,,0
8,8,1,User,0.2562884791494051,top,,0
8,1,0,AI,0.2149013749105585,bottom,4.57715,0
8,1,0,Task,0.42517198119709804,bottom,9.055670000000001,0
8,1,0,User,0.34016500429131347,bottom,7.24512,0
8,1,1,AI,0.12201059627880854,bottom,0.9863299999999999,0
8,1,1,Task,0.3920029391499473,bottom,3.16894,0
8,1,1,User,0.48598646457124406,bottom,3.9287,0
8,3,0,AI,0.10695275492216558,bottom,1.8584100000000001,0
8,3,0,Task,0.4325854239096592,bottom,7.5166,0
8,3,0,User,0.4344402822515436,bottom,7.54883,0
8,3,1,AI,0.1722729427782978,bottom,1.27539,0
8,3,1,Task,0.3603739408453786,bottom,2.6679600000000003,0
8,3,1,User,0.41933810687381723,bottom,3.10449,0
8,5,0,Task,0.48647852367299427,bottom,4.67285,0
8,5,0,User,0.5135214763270056,bottom,4.93261,0
8,5,1,AI,0.20357905105893942,bottom,0.5332,0
8,5,1,Task,0.2841172450393833,bottom,0.74414,0
8,5,1,User,0.43213967997006636,bottom,1.13183,0
8,7,0,AI,0.11093909340209344,bottom,0.20996,0
8,7,0,Task,0.6150683990552529,bottom,1.16406,0
8,7,0,User,0.27399250754265364,bottom,0.5185500000000001,0
8,7,1,AI,0.24206014989498825,bottom,0.45410000000000006,0
8,7,1,Task,0.37896992505250593,bottom,0.71094,0
8,7,1,User,0.18948496252625296,bottom,0.35547,0
8,9,0,Task,0.6072817945419942,bottom,5.0,0
8,9,0,User,0.3927182054580059,bottom,3.23341,0
8,9,1,AI,0.2716775638807438,bottom,0.59668,0
8,9,1,Task,0.23566211958402394,bottom,0.51758,0
8,9,1,User,0.49266031653523235,bottom,1.08202,0
10,1,0,AI,0.21661181491667042,top,,0
10,1,0,Task,0.3105375471499632,top,,0
10,1,0,User,0.4655125257352389,top,,0
10,1,1,AI,0.23111370883867252,top,,0
10,1,1,Task,0.23167527641444835,top,,0
10,1,1,User,0.42585159144239776,top,,0
10,3,0,Task,0.606303161865222,top,,0
10,3,0,User,0.393696838134778,top,,0
10,3,1,AI,0.2853118219989853,top,,0
10,3,1,Task,0.19114456465813456,top,,0
10,3,1,User,0.4617009257693456,top,,0
10,5,0,Task,0.5561104147414843,top,,0
10,5,0,User,0.4438895852585158,top,,0
10,5,1,AI,0.15463016129874196,top,,0
10,5,1,Task,0.2327956708600859,top,,0
10,5,1,User,0.612574167841172,top,,0
10,7,0,AI,0.13636167477875424,top,,0
10,7,0,Task,0.3594230194227729,top,,0
10,7,0,User,0.504215305798473,top,,0
10,7,1,AI,0.32891658409593527,top,,0
10,7,1,Task,0.3171431908344604,top,,0
10,7,1,User,0.3539402250696043,top,,0
10,9,0,AI,0.14991253142021585,top,,0
10,9,0,Task,0.5105702244585121,top,,0
10,9,0,User,0.3395172441212721,top,,0
10,9,1,AI,0.39815848360505396,top,,0
10,9,1,Task,0.24667096388762244,top,,0
10,9,1,User,0.35517055250732366,top,,0
10,10,0,AI,0.23909862697830414,bottom,2.28124,0
10,10,0,Task,0.3015354784613772,bottom,2.87695,0
10,10,0,User,0.4323446179645739,bottom,4.125,0
10,10,1,AI,0.09306361719945709,bottom,0.32227,0
10,10,1,Task,0.25267839094400646,bottom,0.875,0
10,10,1,User,0.5566837044095989,bottom,1.92774,0
10,2,0,AI,0.1342736995286577,bottom,0.50195,0
10,2,0,Task,0.5282136609010609,bottom,1.9746000000000001,0
10,2,0,User,0.3375126395702813,bottom,1.26171,0
10,4,0,AI,0.1244906360561061,bottom,1.25196,0
10,4,0,Task,0.3792978981093126,bottom,3.81447,0
10,4,0,User,0.3721106212201665,bottom,3.7421900000000003,0
10,4,1,AI,0.06715861068224566,bottom,0.39061999999999997,0
10,4,1,Task,0.3505720052678814,bottom,2.03906,0
10,4,1,User,0.5073877566458863,bottom,2.9511600000000002,0
10,6,0,AI,0.12422571773180474,bottom,1.48828,0
10,6,0,Task,0.44897311870589174,bottom,5.3789,0
10,6,0,User,0.3377886473379548,bottom,4.04686,0
10,6,1,AI,0.10394099920838534,bottom,0.46875,0
10,6,1,Task,0.32568179751960735,bottom,1.46875,0
10,6,1,User,0.3837157992536204,bottom,1.73047,0
10,8,0,AI,0.044759795364972724,bottom,0.32617,0
10,8,0,Task,0.33797988780203975,bottom,2.4629,0
10,8,0,User,0.5864374403056352,bottom,4.27344,0
10,8,1,AI,0.12573618536531392,bottom,0.5,0
10,8,1,Task,0.48329971985977904,bottom,1.92188,0
10,8,1,User,0.3462673956012453,bottom,1.37696,0
11,10,0,AI,0.01874653398536421,top,,1
11,10,0,Task,0.532663915830622,top,,1
11,10,0,User,0.44858955018401386,top,,1
11,10,1,AI,0.19960382548133943,top,,1
11,10,1,Task,0.33908501350021447,top,,1
11,10,1,User,0.3144414443967801,top,,1
11,2,0,AI,0.09110506336099355,top,,1
11,2,0,Task,0.4886542723288323,top,,1
11,2,0,User,0.42024066431017404,top,,1
11,2,1,AI,0.2224904761988863,top,,1
11,2,1,Task,0.323558448852287,top,,1
11,2,1,User,0.41980138216536883,top,,1
11,4,0,AI,0.18030427081834538,top,,1
11,4,0,Task,0.4768709102785626,top,,1
11,4,0,User,0.3242968448582994,top,,1
11,4,1,AI,0.04120255514488718,top,,1
11,4,1,Task,0.40955943158996166,top,,1
11,4,1,User,0.4573544799419439,top,,1
11,6,0,Task,0.5394487732942683,top,,1
11,6,0,User,0.3286590677912483,top,,1
11,6,1,AI,0.1303118431985923,top,,1
11,6,1,Task,0.4038173908793196,top,,1
11,6,1,User,0.39093064177134756,top,,1
11,8,0,AI,0.11684436230956952,top,,1
11,8,0,Task,0.5305411424645201,top,,1
11,8,0,User,0.35261449522591043,top,,1
11,8,1,AI,0.3379460153598559,top,,1
11,8,1,Task,0.2972323907840865,top,,1
11,8,1,User,0.1213361907223802,top,,1
11,1,0,AI,0.28322304727320985,bottom,2.3476500000000002,1
11,1,0,Task,0.26366712711348106,bottom,2.18555,1
11,1,0,User,0.3944384459015207,bottom,3.26952,1
11,1,1,AI,0.0979219920920993,bottom,0.25781,1
11,1,1,Task,0.4295220695758524,bottom,1.1308500000000001,1
11,1,1,User,0.23294123009256268,bottom,0.61329,1
11,3,0,AI,0.18671436544729406,bottom,2.29491,1
11,3,0,Task,0.3683453448127169,bottom,4.527340000000001,1
11,3,0,User,0.2947729317827162,bottom,3.62306,1
11,3,1,AI,0.5913323980946492,bottom,0.74609,1
11,3,1,Task,0.2430352458171846,bottom,0.30664,1
11,3,1,User,0.16563235608816604,bottom,0.20898,1
11,5,0,Task,0.44278776566315897,bottom,4.75392,1
11,5,0,User,0.5572122343368411,bottom,5.98242,1
11,5,1,AI,0.30904464432735057,bottom,1.20117,1
11,5,1,Task,0.2839206323069323,bottom,1.10352,1
11,5,1,User,0.2909548410999506,bottom,1.13086,1
11,7,0,AI,0.1120285408178883,bottom,1.53711,1
11,7,0,Task,0.48000029153031554,bottom,6.58594,1
11,7,0,User,0.35957276232262203,bottom,4.933590000000001,1
11,7,1,AI,0.08219095105715524,bottom,0.25781,1
11,7,1,Task,0.43835598969624323,bottom,1.375,1
11,7,1,User,0.3250306052181897,bottom,1.01953,1
11,9,0,AI,0.17797844593131484,bottom,6.1972700000000005,1
11,9,0,Task,0.2870764616313339,bottom,9.9961,1
11,9,0,User,0.4856405767433632,bottom,16.91017,1
11,9,1,AI,0.0965920834015552,bottom,1.4394500000000001,1
11,9,1,Task,0.2866324528463948,bottom,4.2715,1
11,9,1,User,0.5820440520830258,bottom,8.67383,1
12,1,0,AI,0.06692535090179347,top,,1
12,1,0,Task,0.5019217418889159,top,,1
12,1,0,User,0.43115290720929056,top,,1
12,1,1,AI,0.3504009381636082,top,,1
12,1,1,Task,0.2905613134290514,top,,1
12,1,1,User,0.239358498938227,top,,1
12,3,0,Task,0.432831503255569,top,,1
12,3,0,User,0.5671684967444309,top,,1
12,3,1,AI,0.4269799441892841,top,,1
12,3,1,Task,0.16076034331669783,top,,1
12,3,1,User,0.41225971249401805,top,,1
12,5,0,Task,0.7313722575398526,top,,1
12,5,0,User,0.2686277424601475,top,,1
12,5,1,AI,0.2498036033947636,top,,1
12,5,1,Task,0.28155868072995144,top,,1
12,5,1,User,0.46863771587528497,top,,1
12,7,0,Task,0.6949800096462944,top,,1
12,7,0,User,0.3050199903537056,top,,1
12,7,1,AI,0.3892230800431737,top,,1
12,7,1,Task,0.21097697633009987,top,,1
12,7,1,User,0.3997999436267264,top,,1
12,9,0,Task,0.5161091587803847,top,,1
12,9,0,User,0.48389084121961534,top,,1
12,9,1,AI,0.25747479820188385,top,,1
12,9,1,Task,0.16835903528864174,top,,1
12,9,1,User,0.5741661665094744,top,,1
12,10,0,AI,0.13528467704170474,bottom,1.4878,1
12,10,0,Task,0.4088256020659147,bottom,4.49608,1
12,10,0,User,0.45588972089238056,bottom,5.01367,1
12,10,1,AI,0.20738856939820238,bottom,0.63037,1
12,10,1,Task,0.42570306228533084,bottom,1.2939500000000002,1
12,10,1,User,0.3669083683164669,bottom,1.11524,1
12,2,0,AI,0.19706424044892537,bottom,5.38843,1
12,2,0,Task,0.416066402569969,bottom,11.37672,1
12,2,0,User,0.38451230858353275,bottom,10.51392,1
12,2,1,AI,0.28552802509802433,bottom,2.40454,1
12,2,1,Task,0.21308027900415374,bottom,1.79443,1
12,2,1,User,0.5013916958978221,bottom,4.22241,1
12,4,0,AI,0.16653639819518953,bottom,0.9375,1
12,4,0,Task,0.3765712154048389,bottom,2.11987,1
12,4,0,User,0.45689238639997154,bottom,2.5720300000000003,1
12,4,1,AI,0.31177228938900226,bottom,0.30713,1
12,4,1,Task,0.22974084112434143,bottom,0.22632,1
12,4,1,User,0.4584868694866563,bottom,0.45166,1
12,6,0,AI,0.15137029767784668,bottom,2.5713,1
12,6,0,Task,0.3705484605123266,bottom,6.29444,1
12,6,0,User,0.46666945314072905,bottom,7.92723,1
12,6,1,AI,0.14130234910127337,bottom,0.61475,1
12,6,1,Task,0.3347906035949064,bottom,1.45654,1
12,6,1,User,0.5239070473038201,bottom,2.27931,1
12,8,0,AI,0.20085688498385185,bottom,2.58594,1
12,8,0,Task,0.4386160592922155,bottom,5.64698,1
12,8,0,User,0.3605270557239327,bottom,4.64162,1
12,8,1,AI,0.14112403872595036,bottom,0.74414,1
12,8,1,Task,0.2882674783565177,bottom,1.5200200000000001,1
12,8,1,User,0.49689832067438533,bottom,2.62012,1
13,10,0,AI,0.01690469081644626,top,,2
13,10,0,Task,0.4480097401503542,top,,2
13,10,0,User,0.38420792153974304,top,,2
13,10,1,Task,0.5232467434209668,top,,2
13,10,1,User,0.4177082762633022,top,,2
13,2,0,AI,0.08074253304300774,top,,2
13,2,0,Task,0.40131631603898466,top,,2
13,2,0,User,0.4525802653838708,top,,2
13,2,1,AI,0.11005036838851562,top,,2
13,2,1,Task,0.19687828918317501,top,,2
13,2,1,User,0.3277666057149806,top,,2
13,4,0,AI,0.19808788905920016,top,,2
13,4,0,Task,0.30335895241076904,top,,2
13,4,0,User,0.445873892851089,top,,2
13,4,1,AI,0.20727562492421223,top,,2
13,4,1,Task,0.3221819945606042,top,,2
13,4,1,User,0.47054238051518354,top,,2
13,6,0,AI,0.1439925181589501,top,,2
13,6,0,Task,0.5049133113609122,top,,2
13,6,0,User,0.35109417048013764,top,,2
13,6,1,Task,0.5724912994485496,top,,2
13,6,1,User,0.31466578913253757,top,,2
13,8,0,AI,0.06792779995152932,top,,2
13,8,0,Task,0.3187300009459059,top,,2
13,8,0,User,0.3222013078129032,top,,2
13,8,1,AI,0.041999438690832995,top,,2
13,8,1,Task,0.49875264629553273,top,,2
13,8,1,User,0.3727092868948169,top,,2
13,1,0,AI,0.1095400300591615,bottom,1.48827,2
13,1,0,Task,0.4595371595711638,bottom,6.24352,2
13,1,0,User,0.3857030561128882,bottom,5.24037,2
13,1,1,Task,0.4816129721549849,bottom,2.74975,2
13,1,1,User,0.43624440840289624,bottom,2.49072,2
13,3,0,AI,0.10129218373931004,bottom,0.53406,2
13,3,0,Task,0.3894246908944005,bottom,2.05323,2
13,3,0,User,0.4970345966880798,bottom,2.6206,2
13,3,1,AI,0.1824030381079506,bottom,0.48511,2
13,3,1,Task,0.4501776616344871,bottom,1.19727,2
13,3,1,User,0.2580887744167247,bottom,0.6864000000000001,2
13,5,0,AI,0.013769475338344033,bottom,0.22607,2
13,5,0,Task,0.41480247530179926,bottom,6.81031,2
13,5,0,User,0.4384146861409899,bottom,7.19798,2
13,5,1,AI,0.2294729925481236,bottom,1.53662,2
13,5,1,Task,0.4009781521138539,bottom,2.68507,2
13,5,1,User,0.3309021399877545,bottom,2.21582,2
13,7,0,AI,0.05590090169575268,bottom,0.79199,2
13,7,0,Task,0.5410894461011805,bottom,7.66602,2
13,7,0,User,0.2705454288789681,bottom,3.83302,2
13,7,1,Task,0.38280731628548775,bottom,1.9558200000000001,2
13,7,1,User,0.48119550218725227,bottom,2.4585,2
13,9,0,AI,0.0655882755216392,bottom,1.16528,2
13,9,0,Task,0.27766161092252367,bottom,4.9331000000000005,2
13,9,0,User,0.3164946115152092,bottom,5.62303,2
13,9,1,AI,0.2744158476117239,bottom,1.71289,2
13,9,1,Task,0.35232899975168014,bottom,2.19922,2
13,9,1,User,0.22552567707206883,bottom,1.40772,2
15,1,0,Task,0.4887406783717262,top,,0
15,1,0,User,0.4660525906658817,top,,0
15,1,1,AI,0.2807720500832079,top,,0
15,1,1,Task,0.3985507964180997,top,,0
15,1,1,User,0.3206771534986924,top,,0
15,3,0,Task,0.7067102839706408,top,,0
15,3,0,User,0.2932897160293592,top,,0
15,3,1,AI,0.2210212085146235,top,,0
15,3,1,Task,0.3582099259230354,top,,0
15,3,1,User,0.42076886556234105,top,,0
15,5,0,Task,0.6823401850571279,top,,0
15,5,0,User,0.31765981494287215,top,,0
15,5,1,AI,0.23350371076265555,top,,0
15,5,1,Task,0.41088682895838746,top,,0
15,5,1,User,0.16863900199254955,top,,0
15,7,0,Task,0.5546941695270505,top,,0
15,7,0,User,0.44530583047294947,top,,0
15,7,1,AI,0.18775589454401173,top,,0
15,7,1,Task,0.43672809542703256,top,,0
15,7,1,User,0.23227415855542516,top,,0
15,9,0,Task,0.5782397310178087,top,,0
15,9,0,User,0.39590816280012764,top,,0
15,9,1,AI,0.13535407980468933,top,,0
15,9,1,Task,0.4689810736197013,top,,0
15,9,1,User,0.39566484657560924,top,,0
15,10,0,Task,0.6989260289751962,bottom,3.30079,0
15,10,0,User,0.30107397102480377,bottom,1.42187,0
15,10,1,AI,0.20250790232380422,bottom,0.2915,0
15,10,1,Task,0.20217444162701034,bottom,0.29102,0
15,10,1,User,0.5953176560491855,bottom,0.85693,0
15,2,0,AI,0.07741493252682968,bottom,1.03565,0
15,2,0,Task,0.454522417926268,bottom,6.08056,0
15,2,0,User,0.4390461589291601,bottom,5.87352,0
15,2,1,AI,0.06198885883825132,bottom,0.30713,0
15,2,1,Task,0.3590219190247447,bottom,1.77881,0
15,2,1,User,0.5398639648003875,bottom,2.67481,0
15,4,0,AI,0.12206507898125438,bottom,3.07422,0
15,4,0,Task,0.4026830954346401,bottom,10.14161,0
15,4,0,User,0.43287040070136734,bottom,10.90188,0
15,4,1,AI,0.0640631463922731,bottom,0.69531,0
15,4,1,Task,0.4010260275247362,bottom,4.35254,0
15,4,1,User,0.4796651037314196,bottom,5.20605,0
15,6,0,AI,0.07232667880479354,bottom,0.40479,0
15,6,0,Task,0.36127961348582815,bottom,2.02197,0
15,6,0,User,0.4190369664926948,bottom,2.34522,0
15,6,1,AI,0.11669868806692045,bottom,0.22656,0
15,6,1,Task,0.3835511303640138,bottom,0.74463,0
15,6,1,User,0.4997501815690658,bottom,0.97022,0
15,8,0,AI,0.02259516117278403,bottom,0.37207,0
15,8,0,Task,0.509784536157602,bottom,8.39452,0
15,8,0,User,0.42142128403818596,bottom,6.93946,0
15,8,1,AI,0.16503994350351675,bottom,0.8086,0
15,8,1,Task,0.4125978177008707,bottom,2.02149,0
15,8,1,User,0.4223622387956125,bottom,2.06933,0
16,1,0,AI,0.2779362798457381,top,,2
16,1,0,Task,0.18939700145369703,top,,2
16,1,0,User,0.513475269728397,top,,2
16,1,1,AI,0.15030411915968345,top,,2
16,1,1,Task,0.33654756263749447,top,,2
16,1,1,User,0.38006723191011293,top,,2
16,3,0,AI,0.1486018601687984,top,,2
16,3,0,Task,0.44664785070437896,top,,2
16,3,0,User,0.40475028912682265,top,,2
16,3,1,AI,0.3723357949641084,top,,2
16,3,1,Task,0.36974038525382336,top,,2
16,3,1,User,0.2579238197820682,top,,2
16,5,0,Task,0.4773488716677681,top,,2
16,5,0,User,0.41437102639190637,top,,2
16,5,1,AI,0.18614272580287225,top,,2
16,5,1,Task,0.2434216783438481,top,,2
16,5,1,User,0.2372317154360714,top,,2
16,9,0,AI,0.02227732489604587,top,,2
16,9,0,Task,0.4289711326358141,top,,2
16,9,0,User,0.5487515424681401,top,,2
16,9,1,AI,0.02517299640962568,top,,2
16,9,1,Task,0.4467717689736995,top,,2
16,9,1,User,0.4576888673549253,top,,2
16,10,0,AI,0.27328356068985293,bottom,4.26952,2
16,10,0,Task,0.2330295512269059,bottom,3.6406300000000003,2
16,10,0,User,0.30847645528655115,bottom,4.81934,2
16,10,1,AI,0.3378886946223857,bottom,2.29395,2
16,10,1,Task,0.19275099534987858,bottom,1.3086,2
16,10,1,User,0.41685827366634903,bottom,2.8300799999999997,2
16,2,0,AI,0.04436769232243558,bottom,1.0185499999999998,2
16,2,0,Task,0.46452283440969255,bottom,10.66406,2
16,2,0,User,0.4911094732678719,bottom,11.27441,2
16,2,1,AI,0.05856174031203652,bottom,0.56543,2
16,2,1,Task,0.350156598255048,bottom,3.38086,2
16,2,1,User,0.4489729971580317,bottom,4.33496,2
16,4,0,Task,0.6886352159528625,bottom,3.04102,2
16,4,0,User,0.3113647840471376,bottom,1.37499,2
16,4,1,AI,0.26985526844420926,bottom,0.27539,2
16,4,1,Task,0.286121645059823,bottom,0.29198999999999997,2
16,4,1,User,0.4440230864959677,bottom,0.45313000000000003,2
16,6,0,AI,0.17682428062811972,bottom,3.59279,2
16,6,0,Task,0.31687995424841103,bottom,6.4385,2
16,6,0,User,0.35263814804497595,bottom,7.16505,2
16,6,1,AI,0.12142699425124456,bottom,0.7754,2
16,6,1,Task,0.4226940381131053,bottom,2.69921,2
16,6,1,User,0.24820185006256135,bottom,1.5849499999999999,2
16,8,0,AI,0.19302324722202038,bottom,1.56737,2
16,8,0,Task,0.4163551971586592,bottom,3.38085,2
16,8,0,User,0.35069352508771434,bottom,2.84767,2
16,8,1,AI,0.06084160527174049,bottom,0.29102,2
16,8,1,Task,0.37137588747376254,bottom,1.77638,2
16,8,1,User,0.4493690469221699,bottom,2.1494400000000002,2
18,10,0,Task,0.5780054332342189,top,,2
18,10,0,User,0.42199456676578107,top,,2
18,10,1,AI,0.4051981591637903,top,,2
18,10,1,Task,0.2771535580524344,top,,2
18,10,1,User,0.31764828278377516,top,,2
18,2,0,AI,0.0329577929507682,top,,2
18,2,0,Task,0.49649205901500915,top,,2
18,2,0,User,0.47055014803422257,top,,2
18,2,1,AI,0.2914591866666195,top,,2
18,2,1,Task,0.3024996554271113,top,,2
18,2,1,User,0.3145826780558314,top,,2
18,4,0,AI,0.029713832335036074,top,,2
18,4,0,Task,0.4217544727472194,top,,2
18,4,0,User,0.4950534084954036,top,,2
18,4,1,AI,0.11880640859633188,top,,2
18,4,1,Task,0.4436155615252305,top,,2
18,4,1,User,0.43757802987843764,top,,2
18,6,0,AI,0.020723446782521793,top,,2
18,6,0,Task,0.6702207625254653,top,,2
18,6,0,User,0.30905579069201305,top,,2
18,6,1,AI,0.45868454453737756,top,,2
18,6,1,Task,0.09023706465695597,top,,2
18,6,1,User,0.45107839080566653,top,,2
18,8,0,AI,0.05450368052956859,top,,2
18,8,0,Task,0.6260177530059015,top,,2
18,8,0,User,0.31947856646453004,top,,2
18,8,1,AI,0.40089069384988135,top,,2
18,8,1,Task,0.07110486209623762,top,,2
18,8,1,User,0.380813989982048,top,,2
18,1,0,AI,0.12433561809397062,bottom,1.34253,2
18,1,0,Task,0.2884197735984656,bottom,3.11425,2
18,1,0,User,0.4658939044957088,bottom,5.03055,2
18,1,1,AI,0.3712050952195751,bottom,1.1167,2
18,1,1,Task,0.2526401866828884,bottom,0.76002,2
18,1,1,User,0.30084333064079166,bottom,0.90503,2
18,3,0,AI,0.150893902012736,bottom,1.4892699999999999,2
18,3,0,Task,0.3196952272876951,bottom,3.1552800000000003,2
18,3,0,User,0.44909191308709023,bottom,4.43238,2
18,3,1,AI,0.11646529713382199,bottom,0.38818,2
18,3,1,Task,0.2669208913264587,bottom,0.8896499999999999,2
18,3,1,User,0.46572017485696116,bottom,1.55225,2
18,5,0,AI,0.06250072832876914,bottom,1.01904,2
18,5,0,Task,0.29369711949805116,bottom,4.78857,2
18,5,0,User,0.3788241860351009,bottom,6.17652,2
18,5,1,AI,0.33171670702713685,bottom,1.50268,2
18,5,1,Task,0.057342036772545756,bottom,0.25976,2
18,5,1,User,0.4499062915975903,bottom,2.03808,2
18,7,0,AI,0.09723742674995171,bottom,0.906,2
18,7,0,Task,0.3526359284779016,bottom,3.28565,2
18,7,0,User,0.5501266447721468,bottom,5.12575,2
18,7,1,AI,0.4796728625454186,bottom,1.5524900000000001,2
18,7,1,Task,0.28498158538695406,bottom,0.92236,2
18,7,1,User,0.23534555206762736,bottom,0.76171,2
18,9,0,Task,0.3403115524955991,bottom,2.15163,2
18,9,0,User,0.6596884475044009,bottom,4.1709,2
18,9,1,AI,0.3832091791703442,bottom,1.08544,2
18,9,1,Task,0.2684024713150927,bottom,0.7602500000000001,2
18,9,1,User,0.3483883495145631,bottom,0.98681,2
19,10,0,AI,0.11535247308809396,top,,1
19,10,0,Task,0.36018441538810364,top,,1
19,10,0,User,0.5244631115238023,top,,1
19,10,1,AI,0.10221980217909611,top,,1
19,10,1,Task,0.4703136481621476,top,,1
19,10,1,User,0.4274665496587563,top,,1
19,2,0,AI,0.16959679488724405,top,,1
19,2,0,Task,0.4655947987802198,top,,1
19,2,0,User,0.3350425944854708,top,,1
19,2,1,AI,0.21929666973568973,top,,1
19,2,1,Task,0.5263187442455817,top,,1
19,2,1,User,0.25438458601872854,top,,1
19,4,0,AI,0.06708049437089939,top,,1
19,4,0,Task,0.4200465682436903,top,,1
19,4,0,User,0.4704544191849042,top,,1
19,4,1,AI,0.34017234558132636,top,,1
19,4,1,Task,0.2399640225508135,top,,1
19,4,1,User,0.41986363186786013,top,,1
19,6,0,AI,0.23053728741220558,top,,1
19,6,0,Task,0.39590422253986735,top,,1
19,6,0,User,0.10684974663483593,top,,1
19,6,1,AI,0.17755301343666494,top,,1
19,6,1,Task,0.5479923506156248,top,,1
19,6,1,User,0.18307024182228684,top,,1
19,8,0,AI,0.31131318118467577,top,,1
19,8,0,Task,0.3220401086202238,top,,1
19,8,0,User,0.32412581907385124,top,,1
19,8,1,AI,0.34331166488650594,top,,1
19,8,1,Task,0.4354131741327317,top,,1
19,8,1,User,0.2212751609807625,top,,1
19,1,0,AI,0.18715845492978997,bottom,1.87305,1
19,1,0,Task,0.37812292974600886,bottom,3.78419,1
19,1,0,User,0.43471861532420114,bottom,4.35059,1
19,1,1,AI,0.09037541548213106,bottom,0.42090000000000005,1
19,1,1,Task,0.503669555358968,bottom,2.34571,1
19,1,1,User,0.405955029158901,bottom,1.89063,1
19,3,0,AI,0.18415828461611602,bottom,1.27832,1
19,3,0,Task,0.3239999884749806,bottom,2.2490200000000002,1
19,3,0,User,0.43359716023522565,bottom,3.00978,1
19,3,1,AI,0.37380167678519804,bottom,0.64649,1
19,3,1,Task,0.28966753396935535,bottom,0.50098,1
19,3,1,User,0.12139924833766985,bottom,0.20996,1
19,5,0,AI,0.18312952824312365,bottom,1.1172,1
19,5,0,Task,0.30254237288135594,bottom,1.84569,1
19,5,0,User,0.5143280988755204,bottom,3.1377099999999998,1
19,5,1,AI,0.2229415267882745,bottom,0.4043,1
19,5,1,Task,0.5358096036350001,bottom,0.9716800000000001,1
19,5,1,User,0.24124886957672542,bottom,0.4375,1
19,7,0,AI,0.38565240258614725,bottom,10.36818,1
19,7,0,Task,0.3353068167193483,bottom,9.01465,1
19,7,0,User,0.17141297046135398,bottom,4.6084,1
19,7,1,AI,0.10327898111569005,bottom,0.7754,1
19,7,1,Task,0.35093542466388383,bottom,2.63476,1
19,7,1,User,0.3495049162073678,bottom,2.62402,1
19,9,0,AI,0.20868864445646737,bottom,1.84376,1
19,9,0,Task,0.2605280374149121,bottom,2.30176,1
19,9,0,User,0.4813751700626374,bottom,4.25294,1
19,9,1,AI,0.04644379756119923,bottom,0.08105,1
19,9,1,Task,0.3514314201888695,bottom,0.61329,1
19,9,1,User,0.6021247822499312,bottom,1.05078,1
20,1,0,AI,0.16304116159531185,top,,1
20,1,0,Task,0.4564977793821441,top,,1
20,1,0,User,0.3804610590225441,top,,1
20,1,1,AI,0.19426244785021005,top,,1
20,1,1,Task,0.324640506946137,top,,1
20,1,1,User,0.42019469254921077,top,,1
20,3,0,AI,0.1296649379881667,top,,1
20,3,0,Task,0.4032658956694988,top,,1
20,3,0,User,0.45348515355076935,top,,1
20,3,1,AI,0.08265225691093962,top,,1
20,3,1,Task,0.38328772155813234,top,,1
20,3,1,User,0.534060021530928,top,,1
20,5,0,AI,0.20670111341525982,top,,1
20,5,0,Task,0.3402622770158689,top,,1
20,5,0,User,0.4530366095688712,top,,1
20,5,1,AI,0.2338221332538929,top,,1
20,5,1,Task,0.21642133866400876,top,,1
20,5,1,User,0.2523115215533202,top,,1
20,7,0,AI,0.09663053633228613,top,,1
20,7,0,Task,0.45090485433079086,top,,1
20,7,0,User,0.3552337422702814,top,,1
20,7,1,AI,0.11270804891509571,top,,1
20,7,1,Task,0.1913769231514025,top,,1
20,7,1,User,0.3513618187275491,top,,1
20,9,0,AI,0.08740359166764927,top,,1
20,9,0,Task,0.595450819497462,top,,1
20,9,0,User,0.31714558883488875,top,,1
20,9,1,Task,0.34409677966617797,top,,1
20,9,1,User,0.4868302571308013,top,,1
20,10,0,AI,0.03977011137070441,bottom,0.48633000000000004,1
20,10,0,Task,0.4722889832220226,bottom,5.7754,1
20,10,0,User,0.487940905407273,bottom,5.9668,1
20,10,1,AI,0.21716401850722716,bottom,0.7265699999999999,1
20,10,1,Task,0.19789761247205384,bottom,0.66211,1
20,10,1,User,0.24693638439558602,bottom,0.8261799999999999,1
20,2,0,AI,0.1154380588919191,bottom,1.0683699999999998,1
20,2,0,Task,0.42829975839877604,bottom,3.96388,1
20,2,0,User,0.44581584713860306,bottom,4.12599,1
20,2,1,AI,0.1329916214434476,bottom,0.58301,1
20,2,1,Task,0.33949692162753403,bottom,1.4882900000000001,1
20,2,1,User,0.28068506618671885,bottom,1.23047,1
20,4,0,AI,0.12437470460543651,bottom,4.75782,1
20,4,0,Task,0.3775147749563966,bottom,14.44142,1
20,4,0,User,0.46895690689999875,bottom,17.93944,1
20,4,1,AI,0.4789822962621418,bottom,6.87695,1
20,4,1,Task,0.11699037849418628,bottom,1.67968,1
20,4,1,User,0.3489324683682723,bottom,5.00977,1
20,6,0,Task,0.3505241837235238,bottom,3.26562,1
20,6,0,User,0.6494758162764762,bottom,6.05077,1
20,6,1,AI,0.3686429493460803,bottom,1.01953,1
20,6,1,Task,0.16313462032159037,bottom,0.45116999999999996,1
20,6,1,User,0.3806510632297162,bottom,1.05274,1
20,8,0,AI,0.1126504922145361,bottom,3.01758,1
20,8,0,Task,0.3633980535406969,bottom,9.73438,1
20,8,0,User,0.46664177906529636,bottom,12.49998,1
20,8,1,AI,0.0994673309197865,bottom,1.13086,1
20,8,1,Task,0.38275211185347024,bottom,4.35157,1
20,8,1,User,0.5048965798704566,bottom,5.74025,1
21,10,0,AI,0.13380671772878147,top,,2
21,10,0,Task,0.33180156494165686,top,,2
21,10,0,User,0.45822913221019496,top,,2
21,10,1,AI,0.08131470482111633,top,,2
21,10,1,Task,0.3550733436953565,top,,2
21,10,1,User,0.3660861736379028,top,,2
21,2,0,AI,0.07913157431844225,top,,2
21,2,0,Task,0.4645015805110577,top,,2
21,2,0,User,0.4563668451705,top,,2
21,2,1,AI,0.24488749667641585,top,,2
21,2,1,Task,0.4229144509438979,top,,2
21,2,1,User,0.33219805237968625,top,,2
21,4,0,AI,0.18097943902722635,top,,2
21,4,0,Task,0.4330325254572335,top,,2
21,4,0,User,0.35993122809348993,top,,2
21,4,1,AI,0.2809094791714144,top,,2
21,4,1,Task,0.4075184466806103,top,,2
21,4,1,User,0.31157207414797516,top,,2
21,6,0,AI,0.15795795144080116,top,,2
21,6,0,Task,0.37658217868382676,top,,2
21,6,0,User,0.3694269179004951,top,,2
21,6,1,AI,0.224775432997454,top,,2
21,6,1,Task,0.25891880625381003,top,,2
21,6,1,User,0.47647201204862477,top,,2
21,8,0,AI,0.2409132740036877,top,,2
21,8,0,Task,0.346468062759728,top,,2
21,8,0,User,0.32655255961522284,top,,2
21,8,1,AI,0.0807659951798463,top,,2
21,8,1,Task,0.38828810649811285,top,,2
21,8,1,User,0.5240069801282343,top,,2
21,1,0,AI,0.2859318676322541,bottom,4.40235,2
21,1,0,Task,0.3850056831097977,bottom,5.92774,2
21,1,0,User,0.30597473451758517,bottom,4.71094,2
21,1,1,AI,0.1939543981764813,bottom,0.8398399999999999,2
21,1,1,Task,0.47677069067848477,bottom,2.06446,2
21,1,1,User,0.19846700645945003,bottom,0.85938,2
21,3,0,AI,0.16792717260410922,bottom,3.25195,2
21,3,0,Task,0.3828535045266674,bottom,7.41405,2
21,3,0,User,0.2683813885084822,bottom,5.1972700000000005,2
21,3,1,AI,0.052218853436428875,bottom,0.19531,2
21,3,1,Task,0.359267636663084,bottom,1.34374,2
21,3,1,User,0.33315954676462883,bottom,1.24609,2
21,5,0,AI,0.15416796991100593,bottom,3.9629,2
21,5,0,Task,0.34207129485689214,bottom,8.79297,2
21,5,0,User,0.3797580089227499,bottom,9.76171,2
21,5,1,AI,0.04960319765752995,bottom,0.59766,2
21,5,1,Task,0.3720214925610973,bottom,4.48242,2
21,5,1,User,0.47771068038197934,bottom,5.75585,2
21,7,0,AI,0.0532163501610977,bottom,2.47851,2
21,7,0,Task,0.40669301600756813,bottom,18.94141,2
21,7,0,User,0.5254969380056177,bottom,24.47461,2
21,7,1,AI,0.0649490277842948,bottom,0.95508,2
21,7,1,Task,0.29791493682111,bottom,4.38086,2
21,7,1,User,0.40177911427827273,bottom,5.90819,2
21,9,0,AI,0.1792119278318628,bottom,3.98046,2
21,9,0,Task,0.35402781786068194,bottom,7.8632800000000005,2
21,9,0,User,0.36545913697367644,bottom,8.11718,2
21,9,1,AI,0.17112475061393326,bottom,1.09961,2
21,9,1,Task,0.41580477389515363,bottom,2.67187,2
21,9,1,User,0.3656536638353632,bottom,2.34961,2
23,1,0,AI,0.06866917654260636,top,,2
23,1,0,Task,0.4211519254615631,top,,2
23,1,0,User,0.39020941213501736,top,,2
23,1,1,AI,0.05390798622702517,top,,2
23,1,1,Task,0.3683746172848927,top,,2
23,1,1,User,0.3799454899230278,top,,2
23,3,0,AI,0.05083649521167381,top,,2
23,3,0,Task,0.43249105843517277,top,,2
23,3,0,User,0.38664780556660083,top,,2
23,3,1,AI,0.4014555850114938,top,,2
23,3,1,Task,0.12757030660771465,top,,2
23,3,1,User,0.2115882270586163,top,,2
23,5,0,AI,0.22569502710346454,top,,2
23,5,0,Task,0.3750214470893236,top,,2
23,5,0,User,0.3992835258072119,top,,2
23,5,1,AI,0.37293162200115876,top,,2
23,5,1,Task,0.2544951930158792,top,,2
23,5,1,User,0.372573184982962,top,,2
23,7,0,AI,0.042488528002629394,top,,2
23,7,0,Task,0.39527088240623304,top,,2
23,7,0,User,0.5622405895911377,top,,2
23,7,1,AI,0.017182176391236422,top,,2
23,7,1,Task,0.42684311833174265,top,,2
23,7,1,User,0.5559747052770209,top,,2
23,9,0,AI,0.05858658443525513,top,,2
23,9,0,Task,0.4720351120655698,top,,2
23,9,0,User,0.46937830349917514,top,,2
23,9,1,Task,0.38165720802040004,top,,2
23,9,1,User,0.6183427919795998,top,,2
23,10,0,AI,0.02686106171980067,bottom,0.46997,2
23,10,0,Task,0.47473555882862295,bottom,8.30613,2
23,10,0,User,0.48915172496174913,bottom,8.55836,2
23,10,1,AI,0.021927049292930975,bottom,0.21069,2
23,10,1,Task,0.4039181240295233,bottom,3.88112,2
23,10,1,User,0.5085245840219468,bottom,4.88625,2
23,2,0,AI,0.04746010880217839,bottom,0.32349,2
23,2,0,Task,0.5059902817471729,bottom,3.44885,2
23,2,0,User,0.3633267997253537,bottom,2.47645,2
23,2,1,AI,0.3959046248966974,bottom,0.64673,2
23,2,1,Task,0.2575127789170824,bottom,0.42066000000000003,2
23,2,1,User,0.237556242539255,bottom,0.38805999999999996,2
23,4,0,AI,0.025076673082000088,bottom,1.1331799999999999,2
23,4,0,Task,0.39904325448381794,bottom,18.03221,2
23,4,0,User,0.5182549319397078,bottom,23.41922,2
23,4,1,AI,0.03342993495141044,bottom,0.6792,2
23,4,1,Task,0.42750399662944355,bottom,8.685649999999999,2
23,4,1,User,0.5390660684191461,bottom,10.95227,2
23,6,0,AI,0.09409632397559962,bottom,0.82495,2
23,6,0,Task,0.37460249022479547,bottom,3.28417,2
23,6,0,User,0.531301185799605,bottom,4.65796,2
23,6,1,AI,0.19016363588076168,bottom,0.50122,2
23,6,1,Task,0.2760259965929742,bottom,0.72753,2
23,6,1,User,0.533810367526264,bottom,1.40698,2
23,8,0,AI,0.08589781375647401,bottom,1.26196,2
23,8,0,Task,0.4471715104268413,bottom,6.56958,2
23,8,0,User,0.46693067581668474,bottom,6.85987,2
23,8,1,Task,0.4153740810833944,bottom,0.43677,2
23,8,1,User,0.5846259189166056,bottom,0.61474,2
25,1,0,AI,0.21358379273695616,top,,0
25,1,0,Task,0.4039318065053383,top,,0
25,1,0,User,0.38248440075770546,top,,0
25,1,1,AI,0.14804372175659494,top,,0
25,1,1,Task,0.37576764126530454,top,,0
25,1,1,User,0.2654397280908423,top,,0
25,3,0,AI,0.19019365460120619,top,,0
25,3,0,Task,0.35027693230292267,top,,0
25,3,0,User,0.45952941309587125,top,,0
25,3,1,AI,0.49502027595705067,top,,0
25,3,1,Task,0.2882947792598638,top,,0
25,5,0,AI,0.06065090980121106,top,,0
25,5,0,Task,0.4781126821230197,top,,0
25,5,0,User,0.46123640807576916,top,,0
25,5,1,AI,0.5232109834421187,top,,0
25,5,1,Task,0.2154140896493038,top,,0
25,5,1,User,0.26137492690857744,top,,0
25,7,0,AI,0.17924783801949756,top,,0
25,7,0,Task,0.4025050136456687,top,,0
25,7,0,User,0.3278732383710284,top,,0
25,7,1,AI,0.17250311368713864,top,,0
25,7,1,Task,0.5056797530373593,top,,0
25,7,1,User,0.32181713327550193,top,,0
25,9,0,AI,0.06615961488079644,top,,0
25,9,0,Task,0.3675784320146712,top,,0
25,9,0,User,0.3709781078071784,top,,0
25,9,1,AI,0.21251261352169526,top,,0
25,9,1,Task,0.2840608958890887,top,,0
25,9,1,User,0.40402755231869436,top,,0
25,10,0,Task,0.47227135740731635,bottom,4.41603,0
25,10,0,User,0.5277286425926837,bottom,4.93459,0
25,10,1,AI,0.11365748286987809,bottom,0.37305,0
25,10,1,Task,0.23653735417688582,bottom,0.77637,0
25,10,1,User,0.37399572851384577,bottom,1.22754,0
25,2,0,AI,0.18369524780938842,bottom,1.05176,0
25,2,0,Task,0.48285847522604736,bottom,2.76464,0
25,2,0,User,0.3249178684392995,bottom,1.8603399999999999,0
25,2,1,AI,0.22222391911910688,bottom,0.29102,0
25,2,1,Task,0.22147558759296873,bottom,0.29004,0
25,2,1,User,0.5563004932879244,bottom,0.7285200000000001,0
25,4,0,AI,0.2060564663023679,bottom,1.0498,0
25,4,0,Task,0.41920655109603666,bottom,2.13574,0
25,4,0,User,0.3747369826015954,bottom,1.90918,0
25,4,1,AI,0.4399503139368171,bottom,1.42382,0
25,4,1,Task,0.06517896870519602,bottom,0.21094,0
25,4,1,User,0.29481015474365946,bottom,0.9541,0
25,6,0,AI,0.09167569884062252,bottom,1.7627,0
25,6,0,Task,0.43648804112430284,bottom,8.3926,0
25,6,0,User,0.46005317367362264,bottom,8.8457,0
25,6,1,AI,0.19438146248719423,bottom,1.26367,0
25,6,1,Task,0.45260714538423436,bottom,2.94239,0
25,6,1,User,0.3231174376786269,bottom,2.10058,0
25,8,0,AI,0.15395149982846318,bottom,1.65137,0
25,8,0,Task,0.36644180426902934,bottom,3.93066,0
25,8,0,User,0.4463760982085589,bottom,4.78808,0
25,8,1,AI,0.31047569158066024,bottom,1.11426,0
25,8,1,Task,0.2525188916876574,bottom,0.9062600000000001,0
25,8,1,User,0.3512906533514634,bottom,1.26074,0
26,10,0,AI,0.15403078318839414,top,,2
26,10,0,Task,0.3212027512127711,top,,2
26,10,0,User,0.4937502452338502,top,,2
26,10,1,AI,0.09554590009635927,top,,2
26,10,1,Task,0.3719564130057863,top,,2
26,10,1,User,0.43691503284684946,top,,2
26,2,0,AI,0.10955404228866916,top,,2
26,2,0,Task,0.41544156251706327,top,,2
26,2,0,User,0.4750043951942676,top,,2
26,2,1,AI,0.38607176280015487,top,,2
26,2,1,Task,0.28272904600651705,top,,2
26,2,1,User,0.33119919119332814,top,,2
26,4,0,AI,0.2550545787290063,top,,2
26,4,0,Task,0.2730719172617385,top,,2
26,4,0,User,0.4718735040092552,top,,2
26,4,1,Task,0.39468357659376246,top,,2
26,4,1,User,0.6053164234062375,top,,2
26,6,0,AI,0.3063793396320355,top,,2
26,6,0,Task,0.3064719429942628,top,,2
26,6,0,User,0.3871487173737017,top,,2
26,6,1,AI,0.11614359971461947,top,,2
26,6,1,Task,0.35860392028609733,top,,2
26,6,1,User,0.48898070545437433,top,,2
26,8,0,AI,0.10887959158261735,top,,2
26,8,0,Task,0.36910173079317643,top,,2
26,8,0,User,0.5220186776242062,top,,2
26,8,1,AI,0.11320910908813402,top,,2
26,8,1,Task,0.38488044515843634,top,,2
26,8,1,User,0.4432363494317814,top,,2
26,1,0,AI,0.2576457438508083,bottom,11.40557,2
26,1,0,Task,0.37517467305135355,bottom,16.60839,2
26,1,0,User,0.353654139903796,bottom,15.65571,2
26,1,1,AI,0.18988451477350604,bottom,3.3637699999999997,2
26,1,1,Task,0.36725464893236287,bottom,6.50585,2
26,1,1,User,0.44286083629413114,bottom,7.8452,2
26,3,0,AI,0.30266024517971346,bottom,5.07899,2
26,3,0,Task,0.22745865005756455,bottom,3.81702,2
26,3,0,User,0.46988110476272205,bottom,7.88515,2
26,3,1,AI,0.03912463637315971,bottom,0.19421,2
26,3,1,Task,0.38717293729904834,bottom,1.92188,2
26,3,1,User,0.573702426327792,bottom,2.84779,2
26,5,0,AI,0.17947652526009752,bottom,2.91126,2
26,5,0,Task,0.38287597929577016,bottom,6.21057,2
26,5,0,User,0.4376474954441324,bottom,7.09901,2
26,5,1,AI,0.3660297243311865,bottom,4.57569,2
26,5,1,Task,0.1591497231792667,bottom,1.9895100000000001,2
26,5,1,User,0.4373135629760168,bottom,5.4668,2
26,7,0,AI,0.24201975203498372,bottom,2.21655,2
26,7,0,Task,0.2720485229648798,bottom,2.49157,2
26,7,0,User,0.4859317250001365,bottom,4.45043,2
26,7,1,AI,0.191604918378518,bottom,0.8085899999999999,2
26,7,1,Task,0.28356267283399167,bottom,1.19666,2
26,7,1,User,0.4482084505306759,bottom,1.89148,2
26,9,0,AI,0.01731206407074036,bottom,0.67944,2
26,9,0,Task,0.4452454759161426,bottom,17.47438,2
26,9,0,User,0.4991229818007258,bottom,19.58889,2
26,9,1,AI,0.13525701303844534,bottom,2.21655,2
26,9,1,Task,0.3948817679611953,bottom,6.4712,2
26,9,1,User,0.46986121900035943,bottom,7.69994,2
27,10,0,AI,0.08903698254669834,top,,1
27,10,0,Task,0.4587793286744094,top,,1
27,10,0,User,0.3883115452790471,top,,1
27,10,1,AI,0.13327905196035209,top,,1
27,10,1,Task,0.35822331159969034,top,,1
27,10,1,User,0.409517099687179,top,,1
27,2,0,AI,0.07255108788481565,top,,1
27,2,0,Task,0.3645545254241372,top,,1
27,2,0,User,0.409229819850451,top,,1
27,2,1,AI,0.19999953348526164,top,,1
27,2,1,Task,0.27539997807380734,top,,1
27,2,1,User,0.31321099761844223,top,,1
27,4,0,AI,0.04701836401458385,top,,1
27,4,0,Task,0.3905629990829177,top,,1
27,4,0,User,0.4900619589773414,top,,1
27,4,1,AI,0.30375314983523943,top,,1
27,4,1,Task,0.3034623958131421,top,,1
27,4,1,User,0.3927844543516185,top,,1
27,6,0,AI,0.0429040572054096,top,,1
27,6,0,Task,0.386001848002464,top,,1
27,6,0,User,0.530143373524498,top,,1
27,6,1,AI,0.30324281551541155,top,,1
27,6,1,Task,0.2061871134929177,top,,1
27,6,1,User,0.40615261146592363,top,,1
27,8,0,AI,0.09003626951207168,top,,1
27,8,0,Task,0.3856277561303438,top,,1
27,8,0,User,0.4746566724437573,top,,1
27,8,1,AI,0.11049374785885577,top,,1
27,8,1,Task,0.5173151657245632,top,,1
27,8,1,User,0.30077054427886263,top,,1
27,1,0,AI,0.15667083832028034,bottom,3.78565,1
27,1,0,Task,0.37418574122173165,bottom,9.04148,1
27,1,0,User,0.4062164260516457,bottom,9.81544,1
27,1,1,AI,0.039517858808169354,bottom,0.35595,1
27,1,1,Task,0.3894943223955627,bottom,3.5083,1
27,1,1,User,0.5709878187962679,bottom,5.14307,1
27,3,0,AI,0.05216226794471347,bottom,0.6796899999999999,1
27,3,0,Task,0.47137134217938187,bottom,6.14211,1
27,3,0,User,0.44667582480833135,bottom,5.82032,1
27,3,1,AI,0.09167791578858772,bottom,0.5664100000000001,1
27,3,1,Task,0.46850407719972936,bottom,2.89454,1
27,3,1,User,0.3612586715353514,bottom,2.23195,1
27,5,0,AI,0.08768542967269613,bottom,2.26514,1
27,5,0,Task,0.422682296031715,bottom,10.91897,1
27,5,0,User,0.4551552555552932,bottom,11.75783,1
27,5,1,AI,0.053022222393364474,bottom,0.27539,1
27,5,1,Task,0.43611880181599044,bottom,2.26514,1
27,5,1,User,0.37999484006114914,bottom,1.97364,1
27,7,0,AI,0.11222412257871384,bottom,2.94287,1
27,7,0,Task,0.38564321982675615,bottom,10.11278,1
27,7,0,User,0.4263294074129157,bottom,11.1797,1
27,7,1,AI,0.07540577113995006,bottom,0.48535000000000006,1
27,7,1,Task,0.4017596492509139,bottom,2.58593,1
27,7,1,User,0.29411280336704204,bottom,1.89306,1
27,9,0,AI,0.08658732061638225,bottom,0.71143,1
27,9,0,Task,0.3779643709539417,bottom,3.10548,1
27,9,0,User,0.50002860157759,bottom,4.1084000000000005,1
27,9,1,Task,0.42446320643558905,bottom,1.00147,1
27,9,1,User,0.575536793564411,bottom,1.35791,1
28,1,0,AI,0.15595395589711541,top,,1
28,1,0,Task,0.3736246933606345,top,,1
28,1,0,User,0.47042135074225006,top,,1
28,1,1,AI,0.06897078629325999,top,,1
28,1,1,Task,0.4540366512798098,top,,1
28,1,1,User,0.47699256242693017,top,,1
28,3,0,AI,0.11341433809372332,top,,1
28,3,0,Task,0.36388730767298966,top,,1
28,3,0,User,0.4753093137336972,top,,1
28,3,1,AI,0.2185591421534272,top,,1
28,3,1,Task,0.234844009691824,top,,1
28,3,1,User,0.429173591781974,top,,1
28,5,0,AI,0.05795809675732746,top,,1
28,5,0,Task,0.45891870484227704,top,,1
28,5,0,User,0.4474537085959446,top,,1
28,5,1,AI,0.05971389017074296,top,,1
28,5,1,Task,0.6865712967235811,top,,1
28,9,0,AI,0.1282860469391507,top,,1
28,9,0,Task,0.34981238037221135,top,,1
28,9,0,User,0.5219015726886379,top,,1
28,9,1,AI,0.1801740920068961,top,,1
28,9,1,Task,0.39132688519680386,top,,1
28,9,1,User,0.42849902279630014,top,,1
28,10,0,AI,0.048503769602708136,bottom,0.46997,1
28,10,0,Task,0.3906392069643475,bottom,3.78504,1
28,10,0,User,0.3087245274450815,bottom,2.99134,1
28,10,1,AI,0.25168864864864865,bottom,0.58203,1
28,10,1,Task,0.328812972972973,bottom,0.7603800000000001,1
28,10,1,User,0.2237102702702703,bottom,0.5173300000000001,1
28,2,0,AI,0.1421369500897318,bottom,0.46887,1
28,2,0,Task,0.23524276082844256,bottom,0.776,1
28,2,0,User,0.21089392249114808,bottom,0.69568,1
28,4,0,AI,0.20897121350574355,bottom,2.00329,1
28,4,0,Task,0.35386963252260484,bottom,3.39235,1
28,4,0,User,0.43041003751131807,bottom,4.1261,1
28,4,1,AI,0.2489831200326554,bottom,1.55541,1
28,4,1,Task,0.26674670444449783,bottom,1.66638,1
28,4,1,User,0.3962206161308138,bottom,2.47521,1
28,8,0,AI,0.07366094425742456,bottom,0.61487,1
28,8,0,Task,0.36043630874654076,bottom,3.00867,1
28,8,0,User,0.530908197860386,bottom,4.43165,1
28,8,1,AI,0.0939242102468808,bottom,0.22644,1
28,8,1,Task,0.3825822936023361,bottom,0.9223600000000001,1
28,8,1,User,0.2145316233076719,bottom,0.5172100000000001,1
29,1,0,AI,0.13673952238067655,top,,0
29,1,0,Task,0.4181626170779174,top,,0
29,1,0,User,0.4029872361475426,top,,0
29,1,1,AI,0.326406623833974,top,,0
29,1,1,Task,0.33318547989641295,top,,0
29,1,1,User,0.34040789626961293,top,,0
29,3,0,Task,0.395325131050162,top,,0
29,3,0,User,0.6046748689498379,top,,0
29,3,1,AI,0.47071567743624043,top,,0
29,3,1,Task,0.1416378282490476,top,,0
29,3,1,User,0.3876464943147119,top,,0
29,5,0,Task,0.4375617653339424,top,,0
29,5,0,User,0.4820551530290464,top,,0
29,5,1,AI,0.343705592144088,top,,0
29,5,1,Task,0.37367514104289123,top,,0
29,5,1,User,0.2826192668130208,top,,0
29,7,0,Task,0.39157527265625475,top,,0
29,7,0,User,0.5557773017355199,top,,0
29,7,1,AI,0.4339413589606027,top,,0
29,7,1,Task,0.4433358214177416,top,,0
29,7,1,User,0.12272281962165565,top,,0
29,9,0,Task,0.44965654050762155,top,,0
29,9,0,User,0.5503434594923786,top,,0
29,9,1,AI,0.38361185761797384,top,,0
29,9,1,Task,0.39969521926708473,top,,0
29,9,1,User,0.21669292311494145,top,,0
29,10,0,AI,0.04609175427100842,bottom,0.24268,0
29,10,0,Task,0.39015222738193595,bottom,2.05421,0
29,10,0,User,0.5637560183470556,bottom,2.96826,0
29,10,1,AI,0.08512387994894804,bottom,0.12939,0
29,10,1,Task,0.5216839252115104,bottom,0.79297,0
29,10,1,User,0.3931921948395416,bottom,0.59766,0
29,2,0,Task,0.590124701896717,bottom,2.11817,0
29,2,0,User,0.409875298103283,bottom,1.47119,0
29,2,1,AI,0.33315017057032303,bottom,0.29102,0
29,2,1,Task,0.3146965221970373,bottom,0.2749,0
29,2,1,User,0.3521533072326396,bottom,0.30762,0
29,4,0,AI,0.03449181254281655,bottom,0.25879,0
29,4,0,Task,0.37270723209835077,bottom,2.7964,0
29,4,0,User,0.5928009553588327,bottom,4.44775,0
29,4,1,AI,0.28376024097895614,bottom,0.6792,0
29,4,1,Task,0.28376441883880565,bottom,0.67921,0
29,4,1,User,0.43247534018223827,bottom,1.03516,0
29,6,0,AI,0.23040937575638004,bottom,1.13281,0
29,6,0,Task,0.35515029970446516,bottom,1.7461,0
29,6,0,User,0.4144403245391548,bottom,2.0376,0
29,6,1,AI,0.44141590657232976,bottom,1.03565,0
29,6,1,Task,0.1517176711277811,bottom,0.35596,0
29,6,1,User,0.4068664222998892,bottom,0.95459,0
29,8,0,Task,0.48552572832293667,bottom,2.6860399999999998,0
29,8,0,User,0.5144742716770633,bottom,2.84619,0
29,8,1,AI,0.3574415673693859,bottom,0.8735299999999999,0
29,8,1,Task,0.35764207149404215,bottom,0.87402,0
29,8,1,User,0.284916361136572,bottom,0.6962900000000001,0
31,10,0,Task,0.4270146984287887,top,,0
31,10,0,User,0.5104847646619189,top,,0
31,10,1,AI,0.2216888190059701,top,,0
31,10,1,Task,0.4117042969805666,top,,0
31,10,1,User,0.3666068840134634,top,,0
31,2,0,AI,0.08973178977942842,top,,0
31,2,0,Task,0.2890694738010554,top,,0
31,2,0,User,0.6211987364195161,top,,0
31,2,1,AI,0.2837829111238215,top,,0
31,2,1,Task,0.24639753500987105,top,,0
31,2,1,User,0.4252246351408698,top,,0
31,4,0,Task,0.46877768947594384,top,,0
31,4,0,User,0.5312223105240562,top,,0
31,4,1,AI,0.47268232385661313,top,,0
31,4,1,Task,0.14739444408301347,top,,0
31,4,1,User,0.37992323206037343,top,,0
31,6,0,Task,0.5723805832190352,top,,0
31,6,0,User,0.3444259390201307,top,,0
31,6,1,AI,0.3811442300630554,top,,0
31,6,1,Task,0.2633218973277517,top,,0
31,6,1,User,0.35553387260919284,top,,0
31,8,0,AI,0.11352341348479411,top,,0
31,8,0,Task,0.34361883065208226,top,,0
31,8,0,User,0.5428577558631235,top,,0
31,8,1,Task,0.4860666391909457,top,,0
31,8,1,User,0.5139333608090544,top,,0
31,1,0,AI,0.2222610006441756,bottom,1.19726,0
31,1,0,Task,0.3332132852398394,bottom,1.79493,0
31,1,0,User,0.444525714115985,bottom,2.39454,0
31,1,1,AI,0.42327411866353976,bottom,0.89161,0
31,1,1,Task,0.16921754982292564,bottom,0.35645,0
31,1,1,User,0.09967433514047264,bottom,0.20996,0
31,3,0,AI,0.1339436578987594,bottom,0.9726600000000001,0
31,3,0,Task,0.3566432699736013,bottom,2.58984,0
31,3,0,User,0.45373885765198557,bottom,3.29492,0
31,3,1,Task,0.36268724011823056,bottom,1.08594,0
31,3,1,User,0.5127198036170533,bottom,1.5351599999999999,0
31,5,0,AI,0.22504449387368125,bottom,1.48828,0
31,5,0,Task,0.16834032180751732,bottom,1.11328,0
31,5,0,User,0.6066151843188015,bottom,4.01171,0
31,5,1,Task,0.4008676580641815,bottom,1.08203,0
31,5,1,User,0.41316750765035826,bottom,1.11523,0
31,7,0,AI,0.13543728371516556,bottom,1.63477,0
31,7,0,Task,0.3938506964609857,bottom,4.7539,0
31,7,0,User,0.27087373895119515,bottom,3.26953,0
31,7,1,AI,0.2735265839102513,bottom,1.27735,0
31,7,1,Task,0.35633724702511604,bottom,1.66407,0
31,7,1,User,0.3149297741079631,bottom,1.4707,0
31,9,0,AI,0.20123302177180508,bottom,2.03906,0
31,9,0,Task,0.30185051954883285,bottom,3.0585999999999998,0
31,9,0,User,0.4361989690935306,bottom,4.41993,0
31,9,1,AI,0.025227971377644594,bottom,0.04883,0
31,9,1,Task,0.52471907209837,bottom,1.01562,0
31,9,1,User,0.2996977603265222,bottom,0.5800799999999999,0
32,10,0,AI,0.20844484579810085,top,,0
32,10,0,Task,0.371458282023917,top,,0
32,10,0,User,0.4200968721779821,top,,0
32,10,1,Task,0.38317622852768074,top,,0
32,10,1,User,0.6168237714723193,top,,0
32,2,0,AI,0.1976073569545847,top,,0
32,2,0,Task,0.3496594434466189,top,,0
32,2,0,User,0.45273319959879643,top,,0
32,2,1,AI,0.13379395872087874,top,,0
32,2,1,Task,0.363321227153276,top,,0
32,2,1,User,0.5028848141258452,top,,0
32,4,0,AI,0.12801483684758136,top,,0
32,4,0,Task,0.3220460036327939,top,,0
32,4,0,User,0.5499391595196247,top,,0
32,4,1,AI,0.2631503305547571,top,,0
32,4,1,Task,0.270174619143432,top,,0
32,4,1,User,0.46667505030181083,top,,0
32,6,0,AI,0.13046934124799703,top,,0
32,6,0,Task,0.35590196302262356,top,,0
32,6,0,User,0.5136286957293794,top,,0
32,6,1,AI,0.24506311632097955,top,,0
32,6,1,Task,0.1907889750650532,top,,0
32,6,1,User,0.5641479086139672,top,,0
32,8,0,Task,0.25448957223555013,top,,0
32,8,0,User,0.7455104277644496,top,,0
32,8,1,AI,0.14354841096417456,top,,0
32,8,1,Task,0.26396787893436197,top,,0
32,8,1,User,0.4894023173336359,top,,0
32,1,0,AI,0.14800222222222223,bottom,0.66601,0
32,1,0,Task,0.37760444444444446,bottom,1.69922,0
32,1,0,User,0.47439333333333333,bottom,2.13477,0
32,1,1,AI,0.15018883719119278,bottom,0.30859000000000003,0
32,1,1,Task,0.23669379173399263,bottom,0.48633000000000004,0
32,1,1,User,0.39258668016430776,bottom,0.80664,0
32,3,0,AI,0.15524781157185794,bottom,0.61523,0
32,3,0,Task,0.29817380749907263,bottom,1.18163,0
32,3,0,User,0.5465783809290694,bottom,2.16603,0
32,3,1,Task,0.3765216848957005,bottom,0.66406,0
32,3,1,User,0.6234783151042995,bottom,1.09961,0
32,5,0,AI,0.14500797215223768,bottom,0.35742,0
32,5,0,Task,0.3407293809309364,bottom,0.83984,0
32,5,0,User,0.5142626469168259,bottom,1.26757,0
32,5,1,Task,0.10776156952750866,bottom,0.04883,0
32,5,1,User,0.676715291417474,bottom,0.30663999999999997,0
32,7,0,AI,0.1542628932496774,bottom,0.55468,0
32,7,0,Task,0.45464557468962763,bottom,1.63476,0
32,7,0,User,0.3910915320606951,bottom,1.40624,0
32,7,1,AI,0.30060481376067316,bottom,0.38867,0
32,7,1,Task,0.17522583838633832,bottom,0.22655999999999998,0
32,7,1,User,0.5241693478529884,bottom,0.6777299999999999,0
32,9,0,AI,0.044774841967549855,bottom,0.14648,0
32,9,0,Task,0.41134287845256584,bottom,1.3457,0
32,9,0,User,0.49432978346191936,bottom,1.61719,0
32,9,1,Task,0.2356333676622039,bottom,0.08008,0
33,10,0,AI,0.4678546985592875,top,,0
33,10,0,Task,0.5321453014407125,top,,0
33,10,1,AI,0.46551762187451723,top,,0
33,10,1,Task,0.5344823781254827,top,,0
33,2,0,AI,0.4197255685293144,top,,0
33,2,0,Task,0.40575571054241033,top,,0
33,2,0,User,0.17451872092827525,top,,0
33,2,1,AI,0.14892222009400188,top,,0
33,2,1,Task,0.31582708373237467,top,,0
33,2,1,User,0.18417291626762536,top,,0
33,4,0,AI,0.29436265427700026,top,,0
33,4,0,Task,0.5445372402588148,top,,0
33,4,0,User,0.1611001054641849,top,,0
33,4,1,AI,0.3585216281845495,top,,0
33,4,1,Task,0.4147919496234103,top,,0
33,4,1,User,0.2266864221920402,top,,0
33,6,0,AI,0.3583217856887275,top,,0
33,6,0,Task,0.5057217765807263,top,,0
33,6,0,User,0.13595643773054628,top,,0
33,6,1,Task,0.3086392440068899,top,,0
33,6,1,User,0.6913607559931101,top,,0
33,8,0,AI,0.38167300970873785,top,,0
33,8,0,Task,0.4077669902912621,top,,0
33,8,0,User,0.21056,top,,0
33,8,1,AI,0.27895381162488203,top,,0
33,8,1,Task,0.3511821265525772,top,,0
33,8,1,User,0.3698640618225407,top,,0
33,1,0,AI,0.3898258249378701,bottom,2.21485,0
33,1,0,Task,0.37813729838567745,bottom,2.14844,0
33,1,0,User,0.23203687667645256,bottom,1.31835,0
33,1,1,AI,0.5229914774563484,bottom,1.13281,0
33,1,1,Task,0.35076776761064066,bottom,0.7597700000000001,0
33,1,1,User,0.1262407549330108,bottom,0.27344,0
33,3,0,AI,0.49781972595804247,bottom,2.00587,0
33,3,0,Task,0.42995450834013765,bottom,1.7324199999999998,0
33,3,0,User,0.07222576570181992,bottom,0.29102,0
33,3,1,AI,0.3084835442538153,bottom,0.46875,0
33,3,1,Task,0.49999670950886127,bottom,0.75976,0
33,3,1,User,0.19151974623732337,bottom,0.29102,0
33,5,0,AI,0.39726761846356884,bottom,6.64647,0
33,5,0,Task,0.39972003160702096,bottom,6.6875,0
33,5,0,User,0.20301234992941017,bottom,3.39649,0
33,5,1,AI,0.14271843330764836,bottom,1.14649,0
33,5,1,Task,0.35643197070169785,bottom,2.8633,0
33,5,1,User,0.5008495959906539,bottom,4.02344,0
33,7,0,AI,0.3081452779659496,bottom,4.18946,0
33,7,0,Task,0.40382090553431116,bottom,5.49024,0
33,7,0,User,0.28803381649973925,bottom,3.9160299999999997,0
33,7,1,AI,0.3433967055290585,bottom,1.24414,0
33,7,1,Task,0.46468987369722664,bottom,1.6835900000000001,0
33,7,1,User,0.19191342077371487,bottom,0.69531,0
33,9,0,AI,0.4073703797021505,bottom,3.02345,0
33,9,0,Task,0.5468406210294711,bottom,4.05858,0
33,9,0,User,0.04578899926837845,bottom,0.33984,0
33,9,1,AI,0.49089009477712986,bottom,1.8418,0
33,9,1,Task,0.43987409247433346,bottom,1.65039,0
33,9,1,User,0.06923581274853677,bottom,0.25977,0
34,10,0,AI,0.16822169396185876,top,,2
34,10,0,Task,0.43034088453335084,top,,2
34,10,0,User,0.2876573427668524,top,,2
34,10,1,AI,0.14285714285714285,top,,2
34,10,1,Task,0.4376990683077412,top,,2
34,10,1,User,0.37745337449261684,top,,2
34,2,0,AI,0.19928692734581957,top,,2
34,2,0,Task,0.3522840716104074,top,,2
34,2,0,User,0.3987078572338982,top,,2
34,2,1,AI,0.18197534053312933,top,,2
34,2,1,Task,0.3911160566931498,top,,2
34,2,1,User,0.28740896762078866,top,,2
34,4,0,AI,0.09827185014777623,top,,2
34,4,0,Task,0.20711782215613303,top,,2
34,4,0,User,0.2393591873496156,top,,2
34,4,1,Task,0.10224851451456693,top,,2
34,4,1,User,0.1094050205481245,top,,2
34,6,0,AI,0.13447076259067625,top,,2
34,6,0,Task,0.4101162216271028,top,,2
34,6,0,User,0.42352200930813033,top,,2
34,6,1,AI,0.22536689454427378,top,,2
34,6,1,Task,0.38845014235102426,top,,2
34,6,1,User,0.3861829631047019,top,,2
34,8,0,AI,0.18698861673602998,top,,2
34,8,0,Task,0.33574295537168325,top,,2
34,8,0,User,0.3954211972166932,top,,2
34,8,1,AI,0.22774251875139132,top,,2
34,8,1,Task,0.36409273250135155,top,,2
34,8,1,User,0.2984337117684383,top,,2
34,1,0,AI,0.289794694378035,bottom,3.15039,2
34,1,0,Task,0.2484732469821389,bottom,2.70118,2
34,1,0,User,0.43334581289307167,bottom,4.71095,2
34,1,1,AI,0.0786339106706412,bottom,0.19336,2
34,1,1,Task,0.5393189886904786,bottom,1.32618,2
34,1,1,User,0.3820471006388802,bottom,0.93945,2
34,3,0,AI,0.1269717071962658,bottom,2.83008,2
34,3,0,Task,0.3416581946479573,bottom,7.61524,2
34,3,0,User,0.4072029058201647,bottom,9.07617,2
34,3,1,Task,0.545641771422715,bottom,6.17577,2
34,3,1,User,0.41570421863238133,bottom,4.70509,2
34,5,0,AI,0.07761124516779913,bottom,2.23633,2
34,5,0,Task,0.40323989545544936,bottom,11.61916,2
34,5,0,User,0.44119820187815095,bottom,12.71291,2
34,5,1,AI,0.2934755124533762,bottom,2.42576,2
34,5,1,Task,0.28001011417157556,bottom,2.31446,2
34,5,1,User,0.3754741017926038,bottom,3.10353,2
34,7,0,AI,0.17029121941804704,bottom,2.52344,2
34,7,0,Task,0.3939641175351152,bottom,5.83791,2
34,7,0,User,0.4138650783688905,bottom,6.13281,2
34,7,1,AI,0.11764705882352941,bottom,0.4375,2
34,7,1,Task,0.3954823529411765,bottom,1.4707000000000001,2
34,7,1,User,0.4868705882352941,bottom,1.8105499999999999,2
34,9,0,AI,0.1639076737266823,bottom,4.1582,2
34,9,0,Task,0.2984832765452226,bottom,7.5722700000000005,2
34,9,0,User,0.4712450077180324,bottom,11.95509,2
34,9,1,AI,0.2898553413150992,bottom,2.34375,2
34,9,1,Task,0.2862305263587491,bottom,2.31444,2
34,9,1,User,0.42391413232615177,bottom,3.42774,2
37,10,0,AI,0.14913298697793673,top,,0
37,10,0,Task,0.3417515687200594,top,,0
37,10,0,User,0.509115444302004,top,,0
37,10,1,AI,0.14214660834710866,top,,0
37,10,1,Task,0.5978583653944616,top,,0
37,10,1,User,0.25999502625842974,top,,0
37,2,0,AI,0.049537040666724166,top,,0
37,2,0,Task,0.41696602874189526,top,,0
37,2,0,User,0.5093791405655865,top,,0
37,2,1,AI,0.19391949312982235,top,,0
37,2,1,Task,0.28944146675978355,top,,0
37,2,1,User,0.516639040110394,top,,0
37,4,0,AI,0.032645011951696,top,,0
37,4,0,Task,0.6197512904976038,top,,0
37,4,0,User,0.3476036975507002,top,,0
37,4,1,AI,0.25053743464529316,top,,0
37,4,1,Task,0.3352088254288419,top,,0
37,4,1,User,0.41425373992586495,top,,0
37,6,0,AI,0.11639226670310152,top,,0
37,6,0,Task,0.4910641090703258,top,,0
37,6,0,User,0.39254362422657274,top,,0
37,6,1,AI,0.31584516787227923,top,,0
37,6,1,Task,0.1838916413876935,top,,0
37,6,1,User,0.5002631907400272,top,,0
37,8,0,AI,0.16673813865801138,top,,0
37,8,0,Task,0.40313108961178823,top,,0
37,8,0,User,0.4301307717302004,top,,0
37,8,1,AI,0.2013895068429764,top,,0
37,8,1,Task,0.39213636120948936,top,,0
37,8,1,User,0.40647413194753423,top,,0
37,1,0,AI,0.20980317609749768,bottom,4.17189,0
37,1,0,Task,0.35900070305027265,bottom,7.13865,0
37,1,0,User,0.41002917809500533,bottom,8.15334,0
37,1,1,AI,0.2322613168637358,bottom,1.64942,0
37,1,1,Task,0.3417216193039004,bottom,2.4267600000000003,0
37,1,1,User,0.4260170638323638,bottom,3.02539,0
37,3,0,AI,0.1833586780963227,bottom,2.71779,0
37,3,0,Task,0.3789037569169614,bottom,5.616210000000001,0
37,3,0,User,0.4245607619890624,bottom,6.29295,0
37,3,1,AI,0.20530606700289583,bottom,0.95215,0
37,3,1,Task,0.3939789249435605,bottom,1.8271600000000001,0
37,3,1,User,0.40071500805354365,bottom,1.8584,0
37,5,0,AI,0.09492202674954214,bottom,0.5986400000000001,0
37,5,0,Task,0.405544940657877,bottom,2.55763,0
37,5,0,User,0.49953303259258086,bottom,3.15038,0
37,5,1,AI,0.34150521826465413,bottom,0.93847,0
37,5,1,Task,0.335111570428378,bottom,0.9208999999999999,0
37,5,1,User,0.3233832113069679,bottom,0.88867,0
37,7,0,AI,0.18617554106550274,bottom,2.59083,0
37,7,0,Task,0.38147291690320395,bottom,5.3086,0
37,7,0,User,0.4137550427347971,bottom,5.75784,0
37,7,1,AI,0.5948947877004731,bottom,3.29981,0
37,7,1,Task,0.13415469597323182,bottom,0.74414,0
37,7,1,User,0.27095051632629513,bottom,1.50293,0
37,9,0,AI,0.11943779990489502,bottom,0.66309,0
37,9,0,Task,0.486894246148969,bottom,2.70312,0
37,9,0,User,0.393667953946136,bottom,2.18555,0
37,9,1,AI,0.5063836277016036,bottom,0.6972700000000001,0
37,9,1,Task,0.14113699744364397,bottom,0.19434,0
37,9,1,User,0.35247937485475256,bottom,0.48535000000000006,0
38,1,0,AI,0.08648181546759359,top,,1
38,1,0,Task,0.4567497874041295,top,,1
38,1,0,User,0.4567683971282768,top,,1
38,1,1,AI,0.33345919446793504,top,,1
38,1,1,Task,0.29262401742500604,top,,1
38,1,1,User,0.2978072077863315,top,,1
38,3,0,AI,0.050588030809611606,top,,1
38,3,0,Task,0.48654325375746027,top,,1
38,3,0,User,0.42491621879198826,top,,1
38,3,1,AI,0.20754853547204616,top,,1
38,3,1,Task,0.36225265296116,top,,1
38,3,1,User,0.43019881156679396,top,,1
38,5,0,Task,0.6885393837823901,top,,1
38,5,0,User,0.3114606162176099,top,,1
38,5,1,AI,0.11347688359597417,top,,1
38,5,1,Task,0.2487369180801155,top,,1
38,5,1,User,0.5349953887485465,top,,1
38,7,0,AI,0.18766377214310526,top,,1
38,7,0,Task,0.362910038207711,top,,1
38,7,0,User,0.4325849253212921,top,,1
38,7,1,AI,0.1551174471412674,top,,1
38,7,1,Task,0.4832494962254504,top,,1
38,7,1,User,0.36163305663328216,top,,1
38,9,0,Task,0.48392057257056226,top,,1
38,9,0,User,0.5160794274294378,top,,1
38,9,1,AI,0.19986627635844678,top,,1
38,9,1,Task,0.11824428724737188,top,,1
38,9,1,User,0.6818894363941813,top,,1
38,10,0,AI,0.1471861141453279,bottom,5.013920000000001,1
38,10,0,Task,0.37182406546041014,bottom,12.66625,1
38,10,0,User,0.45725325897390207,bottom,15.57641,1
38,10,1,AI,0.2795953514461197,bottom,2.9758199999999997,1
38,10,1,Task,0.25530591517112633,bottom,2.7173,1
38,10,1,User,0.4453257492265094,bottom,4.73974,1
38,2,0,AI,0.23461401774750823,bottom,6.033930000000001,1
38,2,0,Task,0.3377260139961289,bottom,8.68582,1
38,2,0,User,0.42765996825636293,bottom,10.99879,1
38,2,1,AI,0.21102781237391902,bottom,1.92481,1
38,2,1,Task,0.28886474468047785,bottom,2.63477,1
38,2,1,User,0.459315303383795,bottom,4.18947,1
38,4,0,AI,0.1297674479783232,bottom,3.94628,1
38,4,0,Task,0.3245001709941336,bottom,9.86818,1
38,4,0,User,0.5185890353300187,bottom,15.7705,1
38,4,1,AI,0.11603422726347931,bottom,1.48853,1
38,4,1,Task,0.3128558031924555,bottom,4.01343,1
38,4,1,User,0.5282518355800464,bottom,6.77661,1
38,6,0,AI,0.18754080667297365,bottom,2.81495,1
38,6,0,Task,0.24887806632999773,bottom,3.73561,1
38,6,0,User,0.5172080907140668,bottom,7.76319,1
38,6,1,AI,0.02223683564803455,bottom,0.11328,1
38,6,1,Task,0.44440889237866227,bottom,2.26393,1
38,6,1,User,0.4857162487117829,bottom,2.47436,1
38,8,0,AI,0.11141170846998527,bottom,1.34252,1
38,8,0,Task,0.4081491575159667,bottom,4.91823,1
38,8,0,User,0.45628825700742237,bottom,5.49831,1
38,8,1,AI,0.17415330920372285,bottom,0.80835,1
38,8,1,Task,0.27161754567390556,bottom,1.26074,1
38,8,1,User,0.4843782316442606,bottom,2.24829,1
39,10,0,AI,0.24784087206209598,top,,0
39,10,0,Task,0.49095826010911914,top,,0
39,10,0,User,0.2612008678287848,top,,0
39,10,1,AI,0.29327111835945757,top,,0
39,10,1,Task,0.7067288816405424,top,,0
39,2,0,AI,0.28481625683844614,top,,0
39,2,0,Task,0.1516976956972822,top,,0
39,2,0,User,0.2632241861818404,top,,0
39,2,1,AI,0.22588169759426244,top,,0
39,2,1,Task,0.3940744351216795,top,,0
39,2,1,User,0.19719388643247573,top,,0
39,4,0,AI,0.4095569734390162,top,,0
39,4,0,Task,0.4027986500528128,top,,0
39,4,0,User,0.18764437650817095,top,,0
39,4,1,Task,0.08361801108955763,top,,0
39,4,1,User,0.4723361886941445,top,,0
39,6,0,AI,0.10812955913100644,top,,0
39,6,0,Task,0.3939164899060319,top,,0
39,6,0,User,0.3959530752564975,top,,0
39,6,1,Task,0.4656289748381642,top,,0
39,6,1,User,0.1609050018119933,top,,0
39,8,0,AI,0.2662730084192636,top,,0
39,8,0,Task,0.35430819235520356,top,,0
39,8,0,User,0.3794187992255329,top,,0
39,8,1,AI,0.29850023073373333,top,,0
39,8,1,Task,0.4626534379326258,top,,0
39,8,1,User,0.238846331333641,top,,0
39,1,0,AI,0.28587304722924023,bottom,2.4746,0
39,1,0,Task,0.4151455184611421,bottom,3.59362,0
39,1,0,User,0.2541723994921612,bottom,2.20019,0
39,1,1,Task,0.4699602954109738,bottom,1.27715,0
39,1,1,User,0.5300397045890263,bottom,1.44042,0
39,3,0,AI,0.16661670382652904,bottom,0.53357,0
39,3,0,Task,0.33334582404336777,bottom,1.0675,0
39,3,0,User,0.2576052810722026,bottom,0.82495,0
39,3,1,Task,0.2951526691289486,bottom,0.12866,0
39,5,0,AI,0.07022928576927828,bottom,1.56897,0
39,5,0,Task,0.39693509776783875,bottom,8.8678,0
39,5,0,User,0.46696653817162237,bottom,10.43235,0
39,5,1,AI,0.11879365986322857,bottom,0.85657,0
39,5,1,Task,0.4194730791047032,bottom,3.02464,0
39,5,1,User,0.2890534312821317,bottom,2.08424,0
39,7,0,AI,0.3625884844601282,bottom,2.4105100000000004,0
39,7,0,Task,0.35768780666841155,bottom,2.37793,0
39,7,0,User,0.18975159670640757,bottom,1.26148,0
39,7,1,AI,0.49696712200932436,bottom,1.31006,0
39,7,1,Task,0.38036728361107847,bottom,1.00269,0
39,9,0,AI,0.2532809617962022,bottom,0.95435,0
39,9,0,Task,0.2577183879828554,bottom,0.9710700000000001,0
39,9,0,User,0.39038469194124126,bottom,1.47095,0
39,9,1,AI,0.32360504609412905,bottom,0.53356,0
39,9,1,Task,0.1765041242115478,bottom,0.29102,0
40,10,0,AI,0.0812998102928695,top,,0
40,10,0,Task,0.37004736998408017,top,,0
40,10,0,User,0.5486528197230502,top,,0
40,10,1,Task,0.48777091835982966,top,,0
40,10,1,User,0.5122290816401703,top,,0
40,2,0,AI,0.04793738641241313,top,,0
40,2,0,Task,0.4245276126286565,top,,0
40,2,0,User,0.5275350009589304,top,,0
40,2,1,Task,0.38025807563637504,top,,0
40,2,1,User,0.619741924363625,top,,0
40,4,0,AI,0.32942597044564303,top,,0
40,4,0,Task,0.3027884968594404,top,,0
40,4,0,User,0.3352870147771785,top,,0
40,4,1,Task,0.5223210686161206,top,,0
40,4,1,User,0.47767893138387935,top,,0
40,6,0,AI,0.09404992518938161,top,,0
40,6,0,Task,0.5640039164085292,top,,0
40,6,0,User,0.3419461584020893,top,,0
40,6,1,AI,0.10152022062001832,top,,0
40,6,1,Task,0.47910290990196586,top,,0
40,6,1,User,0.4193768694780158,top,,0
40,8,0,AI,0.01562838480018579,top,,0
40,8,0,Task,0.5526960329897873,top,,0
40,8,0,User,0.3906998620221272,top,,0
40,8,1,AI,0.3510185657323893,top,,0
40,8,1,Task,0.0946927584448587,top,,0
40,8,1,User,0.554288675822752,top,,0
40,1,0,AI,0.1918575886626775,bottom,1.6015599999999999,0
40,1,0,Task,0.32557426341545226,bottom,2.71778,0
40,1,0,User,0.48256814792187025,bottom,4.02831,0
40,1,1,AI,0.2523686882809166,bottom,0.85741,0
40,1,1,Task,0.23771357930212364,bottom,0.80762,0
40,1,1,User,0.23340152172953244,bottom,0.79297,0
40,3,0,Task,0.5146423459184649,bottom,3.92967,0
40,3,0,User,0.4577322665940257,bottom,3.49512,0
40,3,1,AI,0.1269767282112174,bottom,0.25879,0
40,3,1,Task,0.5639692064629138,bottom,1.1494199999999999,0
40,3,1,User,0.3090540653258689,bottom,0.62988,0
40,5,0,AI,0.28787491223832484,bottom,4.85058,0
40,5,0,Task,0.4636611767275326,bottom,7.8125100000000005,0
40,5,0,User,0.2139794333518699,bottom,3.60547,0
40,5,1,AI,0.09720506003460841,bottom,0.8251999999999999,0
40,5,1,Task,0.4343718600068086,bottom,3.6875,0
40,5,1,User,0.3960658572527438,bottom,3.36231,0
40,7,0,Task,0.39087167776561405,bottom,2.49219,0
40,7,0,User,0.3452284982073344,bottom,2.20117,0
40,7,1,AI,0.18008702386192066,bottom,0.32324,0
40,7,1,Task,0.15288231721924775,bottom,0.27441,0
40,7,1,User,0.6670306589188316,bottom,1.19726,0
40,9,0,AI,0.06012932899763845,bottom,0.24316,0
40,9,0,Task,0.36440361527714243,bottom,1.47363,0
40,9,0,User,0.5754670557252192,bottom,2.32716,0
40,9,1,AI,0.18821022469009202,bottom,0.51758,0
40,9,1,Task,0.37713317406118524,bottom,1.03712,0
40,9,1,User,0.43465660124872274,bottom,1.19531,0
44,1,0,AI,0.17202706509548793,top,,0
44,1,0,Task,0.38224840853482445,top,,0
44,1,0,User,0.4213932252217775,top,,0
44,1,1,AI,0.20430257496611887,top,,0
44,1,1,Task,0.3574031920632623,top,,0
44,1,1,User,0.43829423297061876,top,,0
44,3,0,AI,0.03353859670140969,top,,0
44,3,0,Task,0.5712886865540514,top,,0
44,3,0,User,0.39517271674453897,top,,0
44,3,1,AI,0.38728911578191677,top,,0
44,3,1,Task,0.3222988872492323,top,,0
44,3,1,User,0.29041199696885095,top,,0
44,5,0,AI,0.1612417567884981,top,,0
44,5,0,Task,0.41816200809665455,top,,0
44,5,0,User,0.42059623511484734,top,,0
44,5,1,AI,0.4330351115311641,top,,0
44,5,1,Task,0.11097451494543654,top,,0
44,5,1,User,0.45599037352339944,top,,0
44,7,0,AI,0.1393615089932376,top,,0
44,7,0,Task,0.30578681103366806,top,,0
44,7,0,User,0.4899400729699227,top,,0
44,7,1,Task,0.5450128608173763,top,,0
44,7,1,User,0.45498713918262357,top,,0
44,9,0,AI,0.1297795284074923,top,,0
44,9,0,Task,0.4443170049865011,top,,0
44,9,0,User,0.39687879749298116,top,,0
44,9,1,AI,0.07423732661573723,top,,0
44,9,1,Task,0.2930003840236501,top,,0
44,9,1,User,0.5507406342911383,top,,0
44,10,0,AI,0.24894485951948428,bottom,2.7339,0
44,10,0,Task,0.31081274272783976,bottom,3.4133299999999998,0
44,10,0,User,0.44024239775267604,bottom,4.83472,0
44,10,1,AI,0.10665489492271174,bottom,0.44214,0
44,10,1,Task,0.21860948686775122,bottom,0.90625,0
44,10,1,User,0.5696124973465331,bottom,2.36134,0
44,2,0,AI,0.3254544266064327,bottom,3.13672,0
44,2,0,Task,0.20303030617443302,bottom,1.9567999999999999,0
44,2,0,User,0.4262993140671739,bottom,4.10866,0
44,2,1,AI,0.4129306168410302,bottom,1.26147,0
44,2,1,Task,0.3171899755149071,bottom,0.96899,0
44,2,1,User,0.26987940764406265,bottom,0.82446,0
44,4,0,AI,0.06319841014972331,bottom,0.67895,0
44,4,0,Task,0.45798206298897437,bottom,4.92017,0
44,4,0,User,0.47881952686130236,bottom,5.14403,0
44,4,1,AI,0.1281164501458571,bottom,0.5656699999999999,0
44,4,1,Task,0.32960990016488195,bottom,1.45532,0
44,4,1,User,0.30052680690692324,bottom,1.32691,0
44,6,0,AI,0.13657694266579148,bottom,0.50146,0
44,6,0,Task,0.3260867788965664,bottom,1.19727,0
44,6,0,User,0.5373362784376421,bottom,1.9729,0
44,6,1,AI,0.12051172707889125,bottom,0.11304,0
44,6,1,Task,0.24127931769722813,bottom,0.22632,0
44,6,1,User,0.6382089552238805,bottom,0.5986400000000001,0
44,8,0,AI,0.25595449553666294,bottom,3.1557500000000003,0
44,8,0,Task,0.2821732550160836,bottom,3.47901,0
44,8,0,User,0.46187224944725347,bottom,5.69458,0
44,8,1,AI,0.35846390618678475,bottom,1.7631800000000002,0
44,8,1,Task,0.09534817055691432,bottom,0.46899,0
44,8,1,User,0.35866517847159113,bottom,1.76417,0
45,1,0,AI,0.05146768634398323,top,,2
45,1,0,Task,0.49108732448716486,top,,2
45,1,0,User,0.4574449891688519,top,,2
45,1,1,AI,0.09769893242734509,top,,2
45,1,1,Task,0.2480979359642314,top,,2
45,1,1,User,0.5489052384028703,top,,2
45,3,0,Task,0.4021779295195443,top,,2
45,3,0,User,0.5978220704804557,top,,2
45,3,1,AI,0.3063620687936688,top,,2
45,3,1,User,0.6936379312063311,top,,2
45,5,0,AI,0.04253823878614316,top,,2
45,5,0,Task,0.46725077757059286,top,,2
45,5,0,User,0.4689075250770044,top,,2
45,5,1,AI,0.08678003948704686,top,,2
45,5,1,Task,0.5048128780758581,top,,2
45,5,1,User,0.4084070824370951,top,,2
45,7,0,Task,0.4462810544354131,top,,2
45,7,0,User,0.46323824372035854,top,,2
45,7,1,AI,0.04886446281324729,top,,2
45,7,1,Task,0.36817272494676384,top,,2
45,7,1,User,0.5829628122399889,top,,2
45,9,0,Task,0.4384518483825643,top,,2
45,9,0,User,0.5615481516174357,top,,2
45,9,1,Task,0.49996134917158397,top,,2
45,9,1,User,0.5000386508284161,top,,2
45,10,0,Task,0.41890549937762556,bottom,6.39086,2
45,10,0,User,0.49522321905547223,bottom,7.55517,2
45,10,1,AI,0.027582484381731092,bottom,0.16199,2
45,10,1,Task,0.41308512105541867,bottom,2.4260200000000003,2
45,10,1,User,0.5593323945628502,bottom,3.28492,2
45,2,0,AI,0.04410881739681015,bottom,0.32324,2
45,2,0,Task,0.4260668318723186,bottom,3.12232,2
45,2,0,User,0.5298243507308713,bottom,3.88268,2
45,2,1,Task,0.30637576552930884,bottom,0.72839,2
45,2,1,User,0.6936242344706912,bottom,1.64905,2
45,4,0,AI,0.07392156451947746,bottom,0.77624,2
45,4,0,Task,0.4990400786221319,bottom,5.24035,2
45,4,0,User,0.42703835685839064,bottom,4.48427,2
45,4,1,Task,0.40984694911818365,bottom,1.6174199999999999,2
45,4,1,User,0.5901530508818164,bottom,2.32898,2
45,6,0,AI,0.064504500472547,bottom,1.84485,2
45,6,0,Task,0.3659422810855679,bottom,10.46607,2
45,6,0,User,0.23704866342451295,bottom,6.77967,2
45,6,1,AI,0.11606424084320284,bottom,1.18079,2
45,6,1,Task,0.41340470767939336,bottom,4.20581,2
45,6,1,User,0.4450936198529722,bottom,4.5282,2
45,8,0,Task,0.37973256454041865,bottom,2.29712,2
45,8,0,User,0.6202674354595814,bottom,3.75219,2
45,8,1,Task,0.40242197187557716,bottom,0.30506,2
45,8,1,User,0.5975780281244228,bottom,0.453,2
46,1,0,AI,0.4926123181628749,top,,2
46,1,0,Task,0.29450476968664785,top,,2
46,1,0,User,0.18208652050784774,top,,2
46,1,1,AI,0.13567817488098127,top,,2
46,1,1,Task,0.4141699309202209,top,,2
46,1,1,User,0.4501518941987978,top,,2
46,3,0,AI,0.2087319363822329,top,,2
46,3,0,Task,0.3050050278962092,top,,2
46,3,0,User,0.4680297851944903,top,,2
46,3,1,AI,0.33032880183236335,top,,2
46,3,1,Task,0.39819784042889383,top,,2
46,3,1,User,0.2714733577387428,top,,2
46,5,0,AI,0.1718519351840559,top,,2
46,5,0,Task,0.40045672278272865,top,,2
46,5,0,User,0.4030236856603345,top,,2
46,5,1,AI,0.23835483426848914,top,,2
46,5,1,Task,0.3709134737315012,top,,2
46,5,1,User,0.3907316920000097,top,,2
46,7,0,AI,0.10707877286239911,top,,2
46,7,0,Task,0.3475950464511421,top,,2
46,7,0,User,0.5453261806864589,top,,2
46,7,1,AI,0.13884765613630676,top,,2
46,7,1,Task,0.4564756765567062,top,,2
46,7,1,User,0.35294605591743355,top,,2
46,9,0,AI,0.2335361249452545,top,,2
46,9,0,Task,0.3336984014613728,top,,2
46,9,0,User,0.3936794092733985,top,,2
46,9,1,AI,0.18356912060082087,top,,2
46,9,1,Task,0.3410546386050709,top,,2
46,9,1,User,0.4424009547928856,top,,2
46,10,0,AI,0.15428430861102982,bottom,1.4550800000000002,2
46,10,0,Task,0.38943883891271064,bottom,3.67286,2
46,10,0,User,0.3205788047281565,bottom,3.0234300000000003,2
46,10,1,AI,0.29161244188037166,bottom,1.92482,2
46,10,1,Task,0.28672955984371146,bottom,1.89259,2
46,10,1,User,0.27947719983456076,bottom,1.84472,2
46,2,0,AI,0.21330209367362,bottom,6.11327,2
46,2,0,Task,0.3758521850025209,bottom,10.77198,2
46,2,0,User,0.3781177000120376,bottom,10.83691,2
46,2,1,AI,0.05149800632805357,bottom,0.64551,2
46,2,1,Task,0.3071555191764276,bottom,3.8500900000000002,2
46,2,1,User,0.6271282986534936,bottom,7.8608400000000005,2
46,4,0,AI,0.16975441619991383,bottom,3.9321200000000003,2
46,4,0,Task,0.3386251175336455,bottom,7.84377,2
46,4,0,User,0.4916204662664407,bottom,11.38769,2
46,4,1,AI,0.13938051365547038,bottom,0.53418,2
46,4,1,Task,0.23633735417596208,bottom,0.90577,2
46,4,1,User,0.6242821321685674,bottom,2.39258,2
46,6,0,AI,0.25518265544312196,bottom,3.4917,2
46,6,0,Task,0.36876842596070786,bottom,5.04591,2
46,6,0,User,0.3311213654175869,bottom,4.53078,2
46,6,1,AI,0.1895175607873408,bottom,2.08692,2
46,6,1,Task,0.22024746293731698,bottom,2.42531,2
46,6,1,User,0.47432515267782144,bottom,5.22315,2
46,8,0,AI,0.3094682385729847,bottom,3.7841899999999997,2
46,8,0,Task,0.27380839447695626,bottom,3.34814,2
46,8,0,User,0.40087045838907953,bottom,4.90186,2
46,8,1,AI,0.5282823020821995,bottom,1.3588900000000002,2
46,8,1,Task,0.2640497924020713,bottom,0.67921,2
46,8,1,User,0.20766790551572922,bottom,0.53418,2
47,10,0,AI,0.027107645174766746,top,,2
47,10,0,Task,0.469991180429838,top,,2
47,10,0,User,0.5029011743953953,top,,2
47,10,1,AI,0.1344838696266733,top,,2
47,10,1,Task,0.39076401014384304,top,,2
47,10,1,User,0.39076401014384304,top,,2
47,2,0,AI,0.16279250311602356,top,,2
47,2,0,Task,0.5077902722052403,top,,2
47,2,0,User,0.329417224678736,top,,2
47,2,1,AI,0.16117053531798375,top,,2
47,2,1,Task,0.5457892861384963,top,,2
47,2,1,User,0.29304017854352,top,,2
47,4,0,AI,0.07889147145108075,top,,2
47,4,0,Task,0.48576079670592737,top,,2
47,4,0,User,0.4353477318429918,top,,2
47,4,1,AI,0.11448763718977065,top,,2
47,4,1,Task,0.378611753225105,top,,2
47,4,1,User,0.5069006095851245,top,,2
47,6,0,AI,0.1364029593650453,top,,2
47,6,0,Task,0.42580534993195823,top,,2
47,6,0,User,0.43779169070299656,top,,2
47,6,1,AI,0.10001747288342899,top,,2
47,6,1,Task,0.48241197474944336,top,,2
47,6,1,User,0.387119348754273,top,,2
47,8,0,AI,0.15949659173472852,top,,2
47,8,0,Task,0.4704063265581815,top,,2
47,8,0,User,0.37009708170709,top,,2
47,8,1,AI,0.04044396672946308,top,,2
47,8,1,Task,0.4676463676324985,top,,2
47,8,1,User,0.4919096656380385,top,,2
47,1,0,AI,0.2032089309661549,bottom,6.320320000000001,2
47,1,0,Task,0.35988569433329787,bottom,11.19337,2
47,1,0,User,0.4223368036789243,bottom,13.135760000000001,2
47,1,1,AI,0.14344479366351115,bottom,1.60059,2
47,1,1,Task,0.46210286039990217,bottom,5.15625,2
47,1,1,User,0.39445234593658673,bottom,4.40139,2
47,3,0,AI,0.16938862940555677,bottom,0.9726600000000001,2
47,3,0,Task,0.4112236119383231,bottom,2.36132,2
47,3,0,User,0.41938775865612016,bottom,2.4082,2
47,3,1,Task,0.3922026069597213,bottom,1.00196,2
47,3,1,User,0.6077973930402787,bottom,1.55274,2
47,5,0,AI,0.12606614800569443,bottom,0.80761,2
47,5,0,Task,0.46966395264616995,bottom,3.0087800000000002,2
47,5,0,User,0.40426989934813556,bottom,2.58985,2
47,5,1,AI,0.1585878517501716,bottom,0.25879,2
47,5,1,Task,0.3273482694381802,bottom,0.53418,2
47,5,1,User,0.5140638788116482,bottom,0.83887,2
47,7,0,AI,0.10151024874078701,bottom,2.26465,2
47,7,0,Task,0.39614748289635343,bottom,8.83788,2
47,7,0,User,0.46176461491637893,bottom,10.30177,2
47,7,1,AI,0.07146749674739221,bottom,0.50097,2
47,7,1,Task,0.2922824747209605,bottom,2.0488299999999997,2
47,7,1,User,0.39899654196434686,bottom,2.79687,2
47,9,0,AI,0.05010570693833144,bottom,0.64844,2
47,9,0,Task,0.43631234236684635,bottom,5.64651,2
47,9,0,User,0.5135819506948223,bottom,6.64649,2
47,9,1,AI,0.061141289596444694,bottom,0.33789,2
47,9,1,Task,0.4297587208986715,bottom,2.37501,2
47,9,1,User,0.5090999895048839,bottom,2.81348,2
48,1,0,Task,0.5775405415487591,top,,1
48,1,0,User,0.4224594584512409,top,,1
48,1,1,AI,0.4406432264534912,top,,1
48,1,1,Task,0.2205772095695271,top,,1
48,1,1,User,0.3387795639769817,top,,1
48,3,0,AI,0.03001974326791684,top,,1
48,3,0,Task,0.5327411126294274,top,,1
48,3,0,User,0.43723914410265563,top,,1
48,3,1,AI,0.26000692477958176,top,,1
48,3,1,Task,0.13981871916309094,top,,1
48,3,1,User,0.6001743560573273,top,,1
48,5,0,Task,0.3734398063702185,top,,1
48,5,0,User,0.6265601936297815,top,,1
48,5,1,AI,0.2082499411349188,top,,1
48,5,1,Task,0.48213444784553805,top,,1
48,5,1,User,0.3096156110195432,top,,1
48,7,0,AI,0.08140898835747826,top,,1
48,7,0,Task,0.3390733190113262,top,,1
48,7,0,User,0.5446344593242616,top,,1
48,7,1,AI,0.0922016503078196,top,,1
48,7,1,Task,0.435714665269902,top,,1
48,7,1,User,0.4720836844222783,top,,1
48,9,0,Task,0.45011874856020795,top,,1
48,9,0,User,0.549881251439792,top,,1
48,9,1,AI,0.30054615813191937,top,,1
48,9,1,Task,0.3065610988352922,top,,1
48,9,1,User,0.3928927430327884,top,,1
48,10,0,AI,0.1494450192027576,bottom,1.31018,1
48,10,0,Task,0.38558019475371763,bottom,3.38037,1
48,10,0,User,0.4649747860435247,bottom,4.07642,1
48,10,1,AI,0.09056742706507812,bottom,0.30749,1
48,10,1,Task,0.5094738082264407,bottom,1.72974,1
48,10,1,User,0.39995876470848124,bottom,1.35792,1
48,2,0,AI,0.10405763540460569,bottom,1.21326,1
48,2,0,Task,0.4008679617479309,bottom,4.67392,1
48,2,0,User,0.49507440284746346,bottom,5.77232,1
48,2,1,AI,0.13931379235398603,bottom,0.37177,1
48,2,1,Task,0.3878129941766782,bottom,1.03491,1
48,2,1,User,0.47287321346933575,bottom,1.2619,1
48,4,0,AI,0.1260307541629821,bottom,2.49126,1
48,4,0,Task,0.3747250479079358,bottom,7.40722,1
48,4,0,User,0.4992441979290821,bottom,9.8686,1
48,4,1,AI,0.19163511104976683,bottom,1.27734,1
48,4,1,Task,0.3592824522765052,bottom,2.39479,1
48,4,1,User,0.38113834262498725,bottom,2.54047,1
48,6,0,AI,0.05946180023613137,bottom,0.43665,1
48,6,0,Task,0.4295098844263601,bottom,3.15405,1
48,6,0,User,0.5110283153375086,bottom,3.75267,1
48,6,1,AI,0.3332670906200318,bottom,0.90558,1
48,6,1,Task,0.22630350939174468,bottom,0.61493,1
48,6,1,User,0.4404293999882235,bottom,1.19677,1
48,8,0,AI,0.10196394243258688,bottom,0.5495,1
48,8,0,Task,0.31817017865492947,bottom,1.71467,1
48,8,0,User,0.4988551091450244,bottom,2.68841,1
48,8,1,AI,0.506310216506332,bottom,0.69525,1
48,8,1,Task,0.1883306509754801,bottom,0.25861,1
48,8,1,User,0.30535913251818786,bottom,0.41930999999999996,1
1,1,1,AI,0.0,top,0.0,1
1,4,1,AI,0.0,top,0.0,1
1,7,1,AI,0.0,top,0.0,1
1,9,1,User,0.0,top,0.0,1
2,4,0,AI,0.0,top,0.0,0
2,6,0,AI,0.0,top,0.0,0
2,7,0,AI,0.0,top,0.0,0
2,8,0,AI,0.0,top,0.0,0
2,8,1,AI,0.0,top,0.0,0
2,9,0,AI,0.0,top,0.0,0
2,9,1,AI,0.0,top,0.0,0
2,10,0,AI,0.0,top,0.0,0
2,10,1,AI,0.0,top,0.0,0
4,4,1,AI,0.0,top,0.0,1
4,4,1,Task,0.0,top,0.0,1
4,10,1,AI,0.0,top,0.0,1
5,3,1,AI,0.0,top,0.0,0
5,6,1,AI,0.0,top,0.0,0
5,9,0,AI,0.0,top,0.0,0
5,10,1,AI,0.0,top,0.0,0
6,9,0,AI,0.0,top,0.0,2
6,10,1,User,0.0,top,0.0,2
8,5,0,AI,0.0,top,0.0,0
8,6,0,AI,0.0,top,0.0,0
8,8,0,AI,0.0,top,0.0,0
8,9,0,AI,0.0,top,0.0,0
8,10,0,AI,0.0,top,0.0,0
10,2,1,AI,0.0,top,0.0,0
10,2,1,Task,0.0,top,0.0,0
10,2,1,User,0.0,top,0.0,0
10,3,0,AI,0.0,top,0.0,0
10,5,0,AI,0.0,top,0.0,0
11,5,0,AI,0.0,top,0.0,1
11,6,0,AI,0.0,top,0.0,1
12,3,0,AI,0.0,top,0.0,1
12,5,0,AI,0.0,top,0.0,1
12,7,0,AI,0.0,top,0.0,1
12,9,0,AI,0.0,top,0.0,1
13,1,1,AI,0.0,top,0.0,2
13,6,1,AI,0.0,top,0.0,2
13,7,1,AI,0.0,top,0.0,2
13,10,1,AI,0.0,top,0.0,2
15,1,0,AI,0.0,top,0.0,0
15,3,0,AI,0.0,top,0.0,0
15,5,0,AI,0.0,top,0.0,0
15,7,0,AI,0.0,top,0.0,0
15,9,0,AI,0.0,top,0.0,0
15,10,0,AI,0.0,top,0.0,0
16,4,0,AI,0.0,top,0.0,2
16,5,0,AI,0.0,top,0.0,2
18,9,0,AI,0.0,top,0.0,2
18,10,0,AI,0.0,top,0.0,2
20,6,0,AI,0.0,top,0.0,1
20,9,1,AI,0.0,top,0.0,1
23,8,1,AI,0.0,top,0.0,2
23,9,1,AI,0.0,top,0.0,2
25,3,1,User,0.0,top,0.0,0
25,10,0,AI,0.0,top,0.0,0
26,4,1,AI,0.0,top,0.0,2
27,9,1,AI,0.0,top,0.0,1
28,2,1,AI,0.0,top,0.0,1
28,2,1,Task,0.0,top,0.0,1
28,2,1,User,0.0,top,0.0,1
28,5,1,User,0.0,top,0.0,1
29,2,0,AI,0.0,top,0.0,0
29,3,0,AI,0.0,top,0.0,0
29,5,0,AI,0.0,top,0.0,0
29,7,0,AI,0.0,top,0.0,0
29,8,0,AI,0.0,top,0.0,0
29,9,0,AI,0.0,top,0.0,0
31,3,1,AI,0.0,top,0.0,0
31,4,0,AI,0.0,top,0.0,0
31,5,1,AI,0.0,top,0.0,0
31,6,0,AI,0.0,top,0.0,0
31,8,1,AI,0.0,top,0.0,0
31,10,0,AI,0.0,top,0.0,0
32,3,1,AI,0.0,top,0.0,0
32,5,1,AI,0.0,top,0.0,0
32,8,0,AI,0.0,top,0.0,0
32,9,1,AI,0.0,top,0.0,0
32,9,1,User,0.0,top,0.0,0
32,10,1,AI,0.0,top,0.0,0
33,6,1,AI,0.0,top,0.0,0
33,10,0,User,0.0,top,0.0,0
33,10,1,User,0.0,top,0.0,0
34,3,1,AI,0.0,top,0.0,2
34,4,1,AI,0.0,top,0.0,2
38,5,0,AI,0.0,top,0.0,1
38,9,0,AI,0.0,top,0.0,1
39,1,1,AI,0.0,top,0.0,0
39,3,1,AI,0.0,top,0.0,0
39,3,1,User,0.0,top,0.0,0
39,4,1,AI,0.0,top,0.0,0
39,6,1,AI,0.0,top,0.0,0
39,7,1,User,0.0,top,0.0,0
39,9,1,User,0.0,top,0.0,0
39,10,1,User,0.0,top,0.0,0
40,2,1,AI,0.0,top,0.0,0
40,3,0,AI,0.0,top,0.0,0
40,4,1,AI,0.0,top,0.0,0
40,7,0,AI,0.0,top,0.0,0
40,10,1,AI,0.0,top,0.0,0
44,7,1,AI,0.0,top,0.0,0
45,2,1,AI,0.0,top,0.0,2
45,3,0,AI,0.0,top,0.0,2
45,3,1,Task,0.0,top,0.0,2
45,4,1,AI,0.0,top,0.0,2
45,7,0,AI,0.0,top,0.0,2
45,8,0,AI,0.0,top,0.0,2
45,8,1,AI,0.0,top,0.0,2
45,9,0,AI,0.0,top,0.0,2
45,9,1,AI,0.0,top,0.0,2
45,10,0,AI,0.0,top,0.0,2
47,3,1,AI,0.0,top,0.0,2
48,1,0,AI,0.0,top,0.0,1
48,5,0,AI,0.0,top,0.0,1
48,9,0,AI,0.0,top,0.0,1
